k,bin_mid_years,hazard_per_year_empirical,hazard_per_year_exact_erlang,rel_err,survival_left,events_in_bin,n_at_risk_left
2,0.5,0.002255,0.0023671497584541066,0.047377551020408276,1.0,451,200000
2,1.5,0.00656480363219059,0.006651583710407243,0.01304652876590504,0.997745,1310,199549
2,2.5,0.010638673520346652,0.01042553191489362,0.020444194808760325,0.991195,2109,198239
2,3.5,0.013995819099576812,0.013775100401606429,0.016023019182106506,0.98065,2745,196130
2,4.5,0.016433539312769863,0.01676806083650191,0.019949923070641407,0.966925,3178,193385
2,5.5,0.01923693660065087,0.019458483754512642,0.011385632953564213,0.951035,3659,190207
2,6.5,0.02135643373287304,0.021890034364261176,0.024376418168594535,0.93274,3984,186548
2,7.5,0.02388751341995136,0.024098360655737713,0.008749443117664958,0.91282,4361,182564
2,8.5,0.02604894418163555,0.02611285266457681,0.0024473956852654557,0.891015,4642,178203
2,9.5,0.026895443100696585,0.027957957957957972,0.03800402228442984,0.867805,4668,173561
2,10.5,0.029018372579088535,0.029654178674351588,0.02144069145347712,0.844465,4901,168893
2,11.5,0.03066613005512464,0.031218836565096955,0.017704263540373157,0.81996,5029,163992
2,12.5,0.03179356202386719,0.032666666666666684,0.026727693146923262,0.794815,5054,158963
2,13.5,0.03366274876712863,0.03401028277634962,0.010218498079135642,0.769545,5181,153909
2,14.5,0.03529933838954333,0.03526054590570721,0.0011001668533396386,0.74364,5250,148728
2,15.5,0.03594279262325931,0.036426858513189456,0.013288708104073028,0.71739,5157,143478
2,16.5,0.03745635153013642,0.03751740139211137,0.0016272412189983652,0.691605,5181,138321
2,17.5,0.03746432326873967,0.03853932584269665,0.02789365279363585,0.6657,4988,133140
2,18.5,0.03859479368250203,0.03949891067538127,0.022889669042006143,0.64076,4946,128152
2,19.5,0.039803256334918755,0.04040169133192389,0.014812127346071584,0.61603,4904,123206
2,20.5,0.040937600378691825,0.041252566735112954,0.007635072950576882,0.59151,4843,118302
2,21.5,0.04137177306339735,0.042055888223552905,0.0162668104052175,0.567295,4694,113459
2,22.5,0.04188847515285248,0.04281553398058253,0.021652394389159797,0.543825,4556,108765
2,23.5,0.04329760385379382,0.043534971644612494,0.00545234743131046,0.521045,4512,104209
2,24.5,0.04311062519433884,0.04421731123388584,0.025028343168430688,0.498485,4298,99697
2,25.5,0.04428767597144624,0.04486535008976661,0.012875729648037005,0.476995,4225,95399
2,26.5,0.04347730712703183,0.04548161120840632,0.04406844938255036,0.45587,3964,91174
2,27.5,0.0449833734663456,0.046068376068376084,0.02355200453387132,0.43605,3923,87210
2,28.5,0.04689807532988342,0.04662771285475795,0.005798321611176384,0.416435,3906,83287
2,29.5,0.045313110190095866,0.0471615008156607,0.039192786353208,0.396905,3597,79381
2,30.5,0.046223477251134806,0.0476714513556619,0.030374030228788457,0.37892,3503,75784
2,31.5,0.04708014554308878,0.04815912636505461,0.02240449325818258,0.361405,3403,72281
2,32.5,0.047315543424605824,0.04862595419847329,0.02694879299476268,0.34439,3259,68878
2,33.5,0.04750148585013487,0.04907324364723469,0.03202881408040761,0.328095,3117,65619
2,34.5,0.04966241080285431,0.049502196193265034,0.0032365151833621377,0.31251,3104,62502
2,35.5,0.04877268594902185,0.0499139167862267,0.022863980843109463,0.29699,2897,59398
2,36.5,0.04914957257393675,0.050309423347398054,0.023054344420771263,0.282505,2777,56501
2,37.5,0.0488050033504579,0.0506896551724138,0.0371802060113749,0.26862,2622,53724
2,38.5,0.05025243630386286,0.05105548037889041,0.01572885161530238,0.25551,2568,51102
2,39.5,0.05052128404829604,0.05140770252324039,0.017242911692924145,0.24267,2452,48534
2,40.5,0.04960722190877132,0.05174706649282921,0.04135199788290248,0.23041,2286,46082
2,41.5,0.04995890035619691,0.05207426376440461,0.040622051187858686,0.21898,2188,43796
2,42.5,0.0516246875600846,0.05238993710691826,0.014606804075216393,0.20804,2148,41608
2,43.5,0.05010136847440446,0.05269468479604451,0.049214001975294325,0.1973,1977,39460
2,44.5,0.05237040791825628,0.052989064398541945,0.01167517274191938,0.187415,1963,37483
2,45.5,0.05365990990990991,0.053273596176822,0.00725150470048396,0.1776,1906,35520
2,46.5,0.0513774022728625,0.053548766157461805,0.04054927947759512,0.16807,1727,33614
2,47.5,0.052058832753159597,0.05381502890173411,0.03263393487684115,0.159435,1660,31887
2,48.5,0.049492175869255965,0.05407281001137657,0.08471233770090497,0.151135,1496,30227
2,49.5,0.054888448017820474,0.054322508398656245,0.010418142236933737,0.143655,1577,28731
2,50.5,0.05218384031818517,0.054564498346196276,0.04363016430402251,0.13577,1417,27154
2,51.5,0.05358044838170727,0.05479913137893595,0.022239093331634915,0.128685,1379,25737
2,52.5,0.052877904589867804,0.05502673796791445,0.03905071347859306,0.12179,1288,24358
2,53.5,0.055830082358040746,0.05524762908324552,0.010542593129518758,0.11535,1288,23070
2,54.5,0.05504545037186668,0.055462097611630345,0.007512287809256892,0.10891,1199,21782
2,55.5,0.05528834475052227,0.055670419651995914,0.006863158277987645,0.102915,1138,20583
3,1.5,0.0003850154006160246,0.0003474747019957006,0.10803865261186264,0.99996,77,199992
3,2.5,0.0009303954180526724,0.0009004988185875566,0.03320004296286477,0.999575,186,199915
3,3.5,0.0016372184309739698,0.0016477289438338854,0.006378787542239838,0.998645,327,199729
3,4.5,0.002492452432773994,0.0025449532376407248,0.020629378996134706,0.99701,497,199402
3,5.5,0.003594680877805988,0.0035555003469574862,0.01101969540856021,0.994525,715,198905
3,6.5,0.004758060447045764,0.004649224821745096,0.023409413283614056,0.99095,943,198190
3,7.5,0.006078672932921666,0.005801541063709834,0.047768664595923556,0.986235,1199,197247
3,8.5,0.006916673467722191,0.006992543788489081,0.010850174566198004,0.98024,1356,196048
3,9.5,0.008397879727980605,0.008206231070522048,0.023354041070935295,0.97346,1635,194692
3,10.5,0.008950724397457746,0.009429832490695664,0.050807699257717456,0.965285,1728,193057
3,11.5,0.01059954319522916,0.010653237122844517,0.0050401513639658614,0.956645,2028,191329
3,12.5,0.011537181525718301,0.011868512110726658,0.027916775238313443,0.946505,2184,189301
3,13.5,0.01282085540063169,0.013069500995708791,0.019024872882196543,0.935585,2399,187117
3,14.5,0.014308296971599953,0.014251490793393584,0.003985981468879198,0.92359,2643,184718
3,15.5,0.015186049704791982,0.015410937448863673,0.014592736153651285,0.910375,2765,182075
3,16.5,0.016429646980090345,0.01654524032051595,0.006986501143913293,0.89655,2946,179310
3,17.5,0.01703295457122769,0.017652557504463838,0.03509989603939646,0.88182,3004,176364
3,18.5,0.01855099215505307,0.018731654971856672,0.00964478670331257,0.8668,3216,173360
3,19.5,0.01991842204250517,0.019781783573289254,0.00690728764217279,0.85072,3389,170144
3,20.5,0.02083295853197805,0.02080257893198736,0.001460376623975982,0.833775,3474,166755
3,21.5,0.02128232923610218,0.021793980089415514,0.02347670554961296,0.816405,3475,163281
3,22.5,0.021970389096779844,0.022756163485952993,0.03453017858911911,0.79903,3511,159806
3,23.5,0.023225311110400205,0.023689489465077984,0.019594274303042742,0.781475,3630,156295
3,24.5,0.02365309664952674,0.024594458994949997,0.03827538331363776,0.763325,3611,152665
3,25.5,0.025306264843613722,0.025471678719996355,0.00649403120230061,0.74527,3772,149054
3,26.5,0.02652083534092317,0.026321832800150824,0.0075603603397711334,0.72641,3853,145282
3,27.5,0.027101938074935127,0.027145660278631727,0.0016106516934133155,0.707145,3833,141429
3,28.5,0.028089479345329807,0.027943936951010682,0.00520837112445104,0.68798,3865,137596
3,29.5,0.02822830906820408,0.028717460897758156,0.017033254830417854,0.668655,3775,133731
3,30.5,0.028478869771307213,0.029467040997024,0.033534796582276045,0.64978,3701,129956
3,31.5,0.03033543226010851,0.030193487860433257,0.00470115941329396,0.631275,3830,126255
3,32.5,0.030508474576271188,0.03089760673738076,0.012594249270406803,0.612125,3735,122425
3,33.5,0.030642851124778835,0.03158019201699892,0.02968129173234722,0.59345,3637,118690
3,34.5,0.030577212241314874,0.03224202302517927,0.051634811580038555,0.575265,3518,115053
3,35.5,0.03217824001434527,0.03288386086963138,0.021457968639496304,0.557675,3589,111535
3,36.5,0.033220313860634024,0.03350644613131304,0.00853961860227289,0.53973,3586,107946
3,37.5,0.033576082790341126,0.034110497237569086,0.01566715499647889,0.5218,3504,104360
3,38.5,0.03381058142301896,0.03469670938253368,0.02553925070372221,0.50428,3410,100856
3,39.5,0.03530160293906369,0.03526575388503302,0.001016540129768242,0.48723,3440,97446
3,40.5,0.03557219751930728,0.035818277894408466,0.006870245851200013,0.47003,3344,94006
3,41.5,0.03495400498555073,0.036354904371185354,0.038533986263074006,0.45331,3169,90662
3,42.5,0.035957162287268696,0.03687623228302523,0.024923099212052588,0.437465,3146,87493
3,43.5,0.036978197209147926,0.03738283696746205,0.010824212155602924,0.421735,3119,84347
3,44.5,0.03769636086078692,0.037875270621988,0.004723656313552926,0.40614,3062,81228
3,45.5,0.03841823810864058,0.038354062889480955,0.001673231316967684,0.39083,3003,78166
3,46.5,0.038955337067440095,0.03881972151305743,0.003493470563333322,0.375815,2928,75163
3,47.5,0.038291686855402504,0.03927273303942404,0.024980338980653768,0.361175,2766,72235
3,48.5,0.03846319941268767,0.039713563553894056,0.031484561679023165,0.347345,2672,69469
3,49.5,0.04054074284773268,0.04014265943358944,0.009916717520965838,0.333985,2708,66797
3,50.5,0.03877420462169795,0.04056044810809499,0.044039047143577904,0.320445,2485,64089
3,51.5,0.039640283098500095,0.04096733881908179,0.03239301743377032,0.30802,2442,61604
3,52.5,0.04026233055001521,0.041363723372255225,0.02662702320891094,0.29581,2382,59162
3,53.5,0.04045438534695315,0.04174997687648643,0.031032149631272262,0.2839,2297,56780
3,54.5,0.04137070278802562,0.042126458466210964,0.017940166482105918,0.272415,2254,54483
3,55.5,0.04206475329797622,0.04249351200417485,0.010089980469406823,0.261145,2197,52229
3,56.5,0.043412216181643745,0.04285146676241906,0.013085886238938778,0.25016,2172,50032
3,57.5,0.042039281236941076,0.04320063808004574,0.02688286318717807,0.2393,2012,47860
3,58.5,0.04069970336764962,0.043541327996839685,0.06526270005812208,0.22924,1866,45848
3,59.5,0.042267291164567324,0.04387382586223877,0.03661715535626805,0.21991,1859,43982
3,60.5,0.04377655912446882,0.044198408919485815,0.009544456584069863,0.210615,1844,42123
3,61.5,0.044936567442091416,0.04451534286505953,0.009462458332821427,0.201395,1810,40279
3,62.5,0.043827497465491694,0.044824882383690604,0.022250697941860194,0.192345,1686,38469
3,63.5,0.04616262947557295,0.045127271659429945,0.022943062544457108,0.183915,1698,36783
3,64.5,0.04363688185834402,0.045422744863358455,0.039316492439783156,0.175425,1531,35085
3,65.5,0.043988794182511774,0.04571152661861683,0.03768704664970518,0.16777,1476,33554
3,66.5,0.045732277573414803,0.045993832443500096,0.005686737899186653,0.16039,1467,32078
3,67.5,0.04384044951161347,0.04626986917340541,0.05250543615516214,0.153055,1342,30611
3,68.5,0.04567972940653934,0.046539835362446276,0.018481070016869244,0.146345,1337,29269
3,69.5,0.04754403551482171,0.04680392166556374,0.015813073411805857,0.13966,1328,27932
3,70.5,0.047135769057284616,0.047062311201965024,0.001560863745181405,0.13302,1254,26604
3,71.5,0.046074950690335306,0.04731517990071511,0.02621207851227174,0.12675,1168,25350
3,72.5,0.04466131833595236,0.04756269682929645,0.06100113506509526,0.12091,1080,24182
3,73.5,0.04601333217903212,0.047805024505930896,0.03747916344392819,0.11551,1063,23102
3,74.5,0.04714369980489133,0.048042319196441266,0.01870474628578089,0.110195,1039,22039
3,75.5,0.04623809523809524,0.048274731196402104,0.04218844740990823,0.105,971,21000
3,76.5,0.04458535124070098,0.048502405099305874,0.08075999222275577,0.100145,893,20029
4,3.5,0.00016501072569717032,0.00013430634654945864,0.2286145065855448,0.999935,33,199987
4,4.5,0.0002750632645508467,0.0002662038753306826,0.033280466744365786,0.99977,55,199954
4,5.5,0.0004402223122676952,0.000453334189766373,0.028923204546815726,0.999495,88,199899
4,6.5,0.0007356952319942346,0.0006981002438376203,0.053853280368369116,0.999055,147,199811
4,7.5,0.0010066912412853594,0.0010007548847527162,0.005931878647896998,0.99832,201,199664
4,8.5,0.0014438768092327901,0.0013599116660753894,0.06174308615185154,0.997315,288,199463
4,9.5,0.001862683569725116,0.0017729746614122428,0.05059796412511425,0.995875,371,199175
4,10.5,0.002167964427275105,0.00223649476182431,0.030641848896308055,0.99402,431,198804
4,11.5,0.002878415913455964,0.0027464603052552135,0.048045700113801104,0.991865,571,198373
4,12.5,0.003154669821336488,0.0032985300178595954,0.04361342650944181,0.98901,624,197802
4,13.5,0.0039000294150463035,0.0038882161139695134,0.0030382316030087573,0.98589,769,197178
4,14.5,0.00466882882148985,0.004511025031833433,0.0349818031473615,0.982045,917,196409
4,15.5,0.005309680191516788,0.00516256273208256,0.02849698242308455,0.97746,1038,195492
4,16.5,0.005610581422855791,0.005838610818209786,0.03905541959446993,0.97227,1091,194454
4,17.5,0.0062990334241814615,0.0065351790117039905,0.0361345247160959,0.966815,1218,193363
4,18.5,0.0073850477503968354,0.007248538777080062,0.01883261958236543,0.960725,1419,192145
4,19.5,0.00755009804641213,0.007975242179978711,0.05330799039982457,0.95363,1440,190726
4,20.5,0.008970552497279249,0.008712129399259732,0.02966244946286897,0.94643,1698,189286
4,21.5,0.009574173188050409,0.00945632771611481,0.012462075709873543,0.93794,1796,187588
4,22.5,0.00993045986910093,0.010205244276371357,0.026925804011046342,0.92896,1845,185792
4,23.5,0.010731351965511804,0.01095655446727942,0.02055413519278887,0.919735,1974,183947
4,24.5,0.011759986371604579,0.011708187364173905,0.004424169670291987,0.909865,2140,181973
4,25.5,0.012244693688032786,0.012458309380052239,0.017146443028737562,0.899165,2202,179833
4,26.5,0.012379595903868132,0.013205306985576901,0.06252873050286735,0.888155,2199,177631
4,27.5,0.014176433033882075,0.01394776915110032,0.016394297919944813,0.87716,2487,175432
4,28.5,0.01406227413339501,0.014684469988898557,0.04237101209467734,0.864725,2432,172945
4,29.5,0.01516013441790362,0.015414351936200867,0.016492261195893178,0.852565,2585,170513
4,30.5,0.015994950216759563,0.016136509711758517,0.008772621683845388,0.83964,2686,167928
4,31.5,0.016133912685636822,0.01685017519527043,0.04250771884168015,0.82621,2666,165242
4,32.5,0.01757947052455467,0.0175547033153615,0.0014108588876861707,0.81288,2858,162576
4,33.5,0.01795664859314542,0.01824955898408955,0.016050272294223396,0.79859,2868,159718
4,34.5,0.01874402295186484,0.01893430508086471,0.01004959665470753,0.78425,2940,156850
4,35.5,0.019608862322136312,0.019608591463508414,1.381326284461316e-05,0.76955,3018,153910
4,36.5,0.01980886992020783,0.020272144966750637,0.02285278875534126,0.75446,2989,150892
4,37.5,0.02116927986585803,0.02092476033698072,0.011685654934129146,0.739515,3131,147903
4,38.5,0.021212665432542206,0.021566292045109774,0.01639719112714857,0.72386,3071,144772
4,39.5,0.022102878596481322,0.022196646915821818,0.004224436226611226,0.708505,3132,141701
4,40.5,0.02192409557693279,0.022815777510410237,0.039081812270942574,0.692845,3038,138569
4,41.5,0.0232271583622935,0.023423676201104502,0.008389709502632941,0.677655,3148,135531
4,42.5,0.023953226622753676,0.02402036987675729,0.002795263118266339,0.661915,3171,132383
4,43.5,0.024633934928644397,0.024605915222567585,0.0011387386253819843,0.64606,3183,129212
4,44.5,0.02485142308516294,0.02518039451984958,0.0130645861973017,0.630145,3132,126029
4,45.5,0.026770384956508294,0.02574391191548041,0.0398724577833348,0.614485,3290,122897
4,46.5,0.02607706906786392,0.026296590114409244,0.008347890186151423,0.598035,3119,119607
4,47.5,0.02765091683263512,0.026838567452348115,0.030267985865092602,0.58244,3221,116488
4,48.5,0.02680392347285617,0.02736999530941474,0.0206822043686596,0.566335,3036,113267
4,49.5,0.027288149431648083,0.027891035828994912,0.021615776518421087,0.551155,3008,110231
4,50.5,0.027839176296130495,0.028401859909394277,0.019811505833027033,0.536115,2985,107223
4,51.5,0.02849248834398204,0.028902645438945905,0.014190988012854476,0.52119,2970,104238
4,52.5,0.028241892799304814,0.02939357574810603,0.03918145103102756,0.50634,2860,101268
4,53.5,0.02960125193073734,0.02987483825471678,0.009157750801755208,0.49204,2913,98408
4,54.5,0.03031572333630033,0.030346623281035743,0.0010182333780352547,0.477475,2895,95495
4,55.5,0.029470842332613392,0.030809123023342197,0.043437805409614255,0.463,2729,92600
4,56.5,0.03056603353695853,0.0312625306569384,0.022278974393433935,0.449355,2747,89871
4,57.5,0.030967356870667095,0.031707039561178284,0.023328658264798928,0.43562,2698,87124
4,58.5,0.03208727169355412,0.03214284265080266,0.0017288750049975579,0.42213,2709,84426
4,59.5,0.0317314634653744,0.03257013180133219,0.025749614434274003,0.408585,2593,81717
4,60.5,0.03349173449269501,0.03298909735760322,0.015236462205776175,0.39562,2650,79124
4,61.5,0.03248162774276225,0.03339992771572211,0.027494070669128966,0.38237,2484,76474
4,62.5,0.032639545884579,0.033802808969781654,0.034413207678763186,0.36995,2415,73990
4,63.5,0.03344743276283619,0.03419792461564151,0.02194553795998653,0.357875,2394,71575
4,64.5,0.033303941833740476,0.03458545530492878,0.03705353767615929,0.345905,2304,69181
4,65.5,0.03397281576625746,0.034965578643176266,0.028392576798169276,0.334385,2272,66877
4,66.5,0.03382091169414132,0.03533846902670101,0.04294349399836901,0.323025,2185,64605
4,67.5,0.035036847164370395,0.03570429751343073,0.018693837872297146,0.3121,2187,62420
4,68.5,0.03518005080271612,0.03606323172342612,0.024489788588089787,0.301165,2119,60233
4,69.5,0.034415115118560075,0.0364154357653324,0.054930570092933895,0.29057,2000,58114
4,70.5,0.035552625013365646,0.03676107018541991,0.03287295951828826,0.28057,1995,56114
4,71.5,0.037399065023374416,0.03710029193625615,0.008053119571986199,0.270595,2024,54119
4,72.5,0.03545445820136289,0.037433254362392754,0.05286198581274982,0.260475,1847,52095
4,73.5,0.036817385766597675,0.03776010720074988,0.024966068796899128,0.25124,1850,50248
4,74.5,0.03646844910946733,0.03808099659365328,0.04234520176540496,0.24199,1765,48398
4,75.5,0.03778440160401433,0.03839606511271378,0.015930369606986648,0.233165,1762,46633
4,76.5,0.03799781596131131,0.038705451791953616,0.018282588056223435,0.224355,1705,44871
4,77.5,0.03894268637353473,0.03900929216877241,0.0017074340890245038,0.21583,1681,43166
4,78.5,0.03866457755815355,0.039307718331509804,0.016361691816660362,0.207425,1604,41485
4,79.5,0.040219653469070485,0.039600858972515134,0.015625784707973732,0.199405,1604,39881
4,80.5,0.03788175666849544,0.03988883944576203,0.05031690079616559,0.191385,1450,38277
4,81.5,0.03999782768077769,0.04017178182816469,0.004330257197230968,0.184135,1473,36827
4,82.5,0.03776093228488997,0.04044980498385671,0.06647430562495553,0.17677,1335,35354
4,83.5,0.03677356771216085,0.04072302463078486,0.09698338849905533,0.170095,1251,34019
4,84.5,0.0413818359375,0.04099155340904945,0.009521047532792272,0.16384,1356,32768
4,85.5,0.04170380746211639,0.04125550095050262,0.01086658751645351,0.15706,1310,31412
4,86.5,0.04268819347551658,0.041514973949167935,0.028260153259042468,0.15051,1285,30102
4,87.5,0.039421175000867545,0.04177007623211487,0.056234066181602455,0.144085,1136,28817
4,88.5,0.04103897980564286,0.04202090883046117,0.023367629405161777,0.138405,1136,27681
4,89.5,0.040723300056507816,0.042267570050226404,0.03653557542776973,0.132725,1081,26545
4,90.5,0.04162739553879988,0.04251015554279752,0.020765861538872006,0.12732,1060,25464
4,91.5,0.04114079659072283,0.04274875837480166,0.03761423361073907,0.12202,1004,24404
4,92.5,0.041923076923076924,0.04298346909721353,0.024669767154865352,0.117,981,23400
4,93.5,0.043935947187653326,0.04321437581354923,0.016697484587475196,0.112095,985,22419
4,94.5,0.04119623028832696,0.04344156424702473,0.05168630544540186,0.10717,883,21434
4,95.5,0.04301493844581772,0.04366511780657696,0.014890131835652824,0.102755,884,20551
5,8.5,0.00024006601815499263,0.00020170397370647324,0.19018982989569258,0.999725,48,199945
5,9.5,0.0002401236636867987,0.00029352107456875903,0.1819201941816674,0.999485,48,199897
5,10.5,0.00039029467247772066,0.00040855735447932375,0.044700411830494495,0.999245,78,199849
5,11.5,0.0005706533981408713,0.0005483949695134239,0.04058831656898072,0.998855,114,199771
5,12.5,0.0006811682034689493,0.0007141916210921754,0.04623887574139439,0.998285,136,199657
5,13.5,0.0009372447010590364,0.0009066927730298148,0.03369600920842119,0.997605,187,199521
5,14.5,0.0010685582991361233,0.0011262555465872386,0.05122926819401568,0.99667,213,199334
5,15.5,0.0012906725056623862,0.0013728807568329753,0.05988011031652228,0.995605,257,199121
5,16.5,0.0016141684769490708,0.0016462501414802844,0.01948772165472151,0.99432,321,198864
5,17.5,0.001989493459855044,0.0019457663717831661,0.022472938532597235,0.992715,395,198543
5,18.5,0.0020439267618144012,0.0022705939216715724,0.09982725563287984,0.99074,405,198148
5,19.5,0.0024678496836803327,0.002619699304024687,0.05796452291721622,0.988715,488,197743
5,20.5,0.0030113305112671415,0.002991889560847162,0.006497883703459577,0.986275,594,197255
5,21.5,0.003259415949273115,0.00338584821759664,0.03734138691345998,0.983305,641,196661
5,22.5,0.003805734108764412,0.003800168182955486,0.0014646524945633329,0.9801,746,196020
5,23.5,0.003948298288558641,0.00423338129718395,0.0673416799981959,0.97637,771,195274
5,24.5,0.0042878516012606485,0.004683984409071847,0.08457176053873632,0.972515,834,194503
5,25.5,0.004915603426464741,0.0051504619983127895,0.04559951552404118,0.968345,952,193669
5,26.5,0.005546993778441964,0.005631305462076021,0.014971960622959236,0.963585,1069,192717
5,27.5,0.006277133077308399,0.006125029256899161,0.024833158182535987,0.95824,1203,191648
5,28.5,0.006663341122108746,0.006630184134828289,0.00500091499816471,0.952225,1269,190445
5,29.5,0.0072842221000549755,0.007145367740683723,0.019432780006640445,0.94588,1378,189176
5,30.5,0.0075932651039947174,0.007669232849654689,0.009905520819255387,0.93899,1426,187798
5,31.5,0.007855257227480523,0.008200493524818475,0.04209945368447733,0.93186,1464,186372
5,32.5,0.008820602678088563,0.008737929465791388,0.009461419049082138,0.92454,1631,184908
5,33.5,0.009362876956737615,0.009280388805174292,0.008888437035884923,0.916385,1716,183277
5,34.5,0.009825898733758902,0.009826789590887825,9.06559686338847e-05,0.907805,1784,181561
5,35.5,0.010535274256439922,0.010376120171592958,0.015338496684212057,0.898885,1894,179777
5,36.5,0.010765503167812551,0.010927438680469486,0.01481916461781299,0.889415,1915,177883
5,37.5,0.01142253136933988,0.011479871790655518,0.004994866002102265,0.87984,2010,175968
5,38.5,0.012526012025891308,0.012032612894345188,0.041005152902242555,0.86979,2179,173958
5,39.5,0.012632510376704952,0.012584919837380975,0.0037815528377557165,0.858895,2170,171779
5,40.5,0.012900258830604508,0.013136112322476738,0.01795458854814063,0.848045,2188,169609
5,41.5,0.013540714725153953,0.013685569077136295,0.010584459525643136,0.837105,2267,167421
5,42.5,0.014380517577533695,0.014232724866965356,0.01038400671338566,0.82577,2375,165154
5,43.5,0.014707056807081995,0.014777067421404179,0.004737788109484802,0.813895,2394,162779
5,44.5,0.015032577859525517,0.015318134326878263,0.018641726287233876,0.801925,2411,160385
5,45.5,0.015534201830680999,0.015855509931878876,0.020264759858139896,0.78987,2454,157974
5,46.5,0.016608796296296295,0.01638882229943255,0.01342219671704919,0.7776,2583,155520
5,47.5,0.016693148159045882,0.016917740234665576,0.013275536360316585,0.764685,2553,152937
5,48.5,0.017282423662091713,0.01744197040859102,0.009147289140034447,0.75192,2599,150384
5,49.5,0.017647257840782218,0.017961254593707753,0.017481894223331997,0.738925,2608,147785
5,50.5,0.018852848591719075,0.01847536702238056,0.020431614098991663,0.725885,2737,145177
5,51.5,0.019025554619488908,0.01898411187515219,0.0021830225511344442,0.7122,2710,142440
5,52.5,0.019165533528948685,0.019487320903011914,0.016512653312621032,0.69865,2678,139730
5,53.5,0.019853778128009807,0.019984851185116833,0.006558620621835773,0.68526,2721,137052
5,54.5,0.020017717429335002,0.020476583021442094,0.02240928535911435,0.671655,2689,134331
5,55.5,0.021520487382446333,0.020962417958246365,0.026622378454219796,0.65821,2833,131642
5,56.5,0.021007848830438866,0.021442276943014493,0.020260353586989528,0.644045,2706,128809
5,57.5,0.022362671784176426,0.021916098604614714,0.02037649070750575,0.630515,2820,126103
5,58.5,0.02190894121655054,0.022383837653739757,0.021216041884125934,0.616415,2701,123283
5,59.5,0.022225539466918777,0.022845463398234827,0.027135537612423693,0.60291,2680,120582
5,60.5,0.022849485165646045,0.023300958367623352,0.019375735317592284,0.58951,2694,117902
5,61.5,0.02291507534199014,0.023750317040983297,0.0351676020809268,0.57604,2640,115208
5,62.5,0.02394996801933054,0.024193544672278397,0.010067836534385735,0.56284,2696,112568
5,63.5,0.023372651813018785,0.0246306562072881,0.05107474131757307,0.54936,2568,109872
5,64.5,0.02470550958025796,0.02506167528638528,0.014211568143682914,0.53652,2651,107304
5,65.5,0.0255797731550935,0.025486633327566764,0.0036544578614859874,0.523265,2677,104653
5,66.5,0.025407939122930885,0.02590556868433796,0.01920936642892284,0.50988,2591,101976
5,67.5,0.026784726065301606,0.026318525873273935,0.017713765363321154,0.496925,2662,99385
5,68.5,0.026312252514913724,0.026725554866317537,0.015464687392691025,0.483615,2545,96723
5,69.5,0.026598568667841747,0.027126710443129344,0.019469436826659723,0.47089,2505,94178
5,70.5,0.026845417952941434,0.027522051599057323,0.0245851456124392,0.458365,2461,91673
5,71.5,0.02728332511321347,0.027911641004552155,0.022510890392872678,0.44606,2434,89212
5,72.5,0.02822143861347346,0.028295544512109652,0.0026189953193682504,0.43389,2449,86778
5,73.5,0.02969322534359473,0.028673830707066673,0.03555139342706748,0.421645,2504,84329
5,74.5,0.02875649251451268,0.029046570498822675,0.00998665175710681,0.409125,2353,81825
5,75.5,0.028613851419367828,0.029413836749286677,0.027197585161624637,0.39736,2274,79472
5,76.5,0.029728749449467604,0.02977570393557444,0.001576939581627772,0.38599,2295,77198
5,77.5,0.02951817684204905,0.030132247844190142,0.020379196577579386,0.374515,2211,74903
5,78.5,0.029494304737797832,0.03048354529412716,0.032451624205269584,0.36346,2144,72692
5,79.5,0.030178034813176845,0.030829673886512265,0.021136748826282813,0.35274,2129,70548
5,80.5,0.030123211388649353,0.0311707117785945,0.03360527656171415,0.342095,2061,68419
5,81.5,0.03136019771542241,0.03150673748004519,0.004651061212402391,0.33179,2081,66358
5,82.5,0.03077306034818053,0.031837829669694895,0.03344352716755293,0.321385,1978,64277
5,83.5,0.03160564375030097,0.032164067030974894,0.017361712377235963,0.311495,1969,62299
5,84.5,0.03119509365158296,0.03248552810446778,0.03972336385405244,0.30165,1882,60330
5,85.5,0.0314467560908842,0.032802291156099596,0.04132440196828542,0.29224,1838,58448
5,86.5,0.03285638579756227,0.033114434059618,0.0077926218395022095,0.28305,1860,56610
5,87.5,0.032,0.03342203419211598,0.042547804958305804,0.27375,1752,54750
5,88.5,0.034039020340390205,0.033725168341454795,0.00930616552474329,0.26499,1804,52998
5,89.5,0.03224987303199594,0.03402391262453767,0.05214096368394479,0.25597,1651,51194
5,90.5,0.03546414226025876,0.03431834241546762,0.033387388904736824,0.247715,1757,49543
5,91.5,0.03279203113882727,0.03460853228270585,0.052487089860967624,0.23893,1567,47786
5,92.5,0.034011986412514336,0.03489455593441706,0.02529247036590684,0.231095,1572,46219
5,93.5,0.03511994086948731,0.03517648617125724,0.0016074744218235724,0.223235,1568,44647
5,94.5,0.03560899742333852,0.035454394845921125,0.004360604040465853,0.215395,1534,43079
5,95.5,0.03555181128896377,0.035728352828823015,0.004941216873474843,0.207725,1477,41545
5,96.5,0.03816012778276929,0.03599842997933907,0.060049780078489726,0.20034,1529,40068
5,97.5,0.03552245777005112,0.03626469512208492,0.020467216104673135,0.192695,1369,38539
5,98.5,0.03656174334140436,0.03652721602774953,0.0009452489789693688,0.18585,1359,37170
5,99.5,0.03691603138700399,0.036786059398044954,0.0035331859700619838,0.179055,1322,35811
5,100.5,0.036417408449070716,0.03704129085437096,0.016842890485460074,0.172445,1256,34489
5,101.5,0.03592814371257485,0.03729297492982609,0.036597542025527174,0.166165,1194,33233
5,102.5,0.03589375448671931,0.03754117506423062,0.043883031756269536,0.160195,1150,32039
5,103.5,0.03748907378031014,0.037785953601852905,0.007856883133636363,0.154445,1158,30889
5,104.5,0.037200228717500256,0.038027371791561695,0.021751255348259006,0.148655,1106,29731
5,105.5,0.03818340611353712,0.03826548978914489,0.0021451097597358654,0.143125,1093,28625
5,106.5,0.037810547726282145,0.03850036666156533,0.017917204304753485,0.13766,1041,27532
5,107.5,0.037031444641576386,0.03873206039293804,0.043907185264838805,0.132455,981,26491
5,108.5,0.03833790670325363,0.0389606278920369,0.01598334581539304,0.12755,978,25510
5,109.5,0.039010272297407465,0.03918612500115152,0.004487626774499537,0.12266,957,24532
5,110.5,0.0368610816542948,0.03940860650613703,0.06464387040545326,0.117875,869,23575
5,111.5,0.04056196600017616,0.039628126147506375,0.02356507721797868,0.11353,921,22706
5,112.5,0.03966031673169612,0.03984473663243561,0.00462846328840736,0.108925,864,21785
5,113.5,0.03929066488217581,0.040058489647557836,0.019167591492777095,0.104605,822,20921
5,114.5,0.03990248271058262,0.04026943587243827,0.009112448533375284,0.100495,802,20099
6,13.5,0.00023506816976923307,0.00017094644515536122,0.3750983213227752,0.99971,47,199942
6,14.5,0.0002451286925635959,0.00022788556953584575,0.07566570828890436,0.999475,49,199895
6,15.5,0.00028021576613992776,0.0002966525914664593,0.05540765797891223,0.99923,56,199846
6,16.5,0.0004054256969818309,0.00037822900615081483,0.07190535466275608,0.99895,81,199790
6,17.5,0.00037053913444061107,0.0004734882199912433,0.21742692046812945,0.998545,74,199709
6,18.5,0.0005159415934079696,0.0005831843785637664,0.11530278866762271,0.998175,103,199635
6,19.5,0.000781829480985506,0.0007079449586286483,0.10436478352777388,0.99766,156,199532
6,20.5,0.0009780515207447236,0.0008482668292114959,0.1529998428134561,0.99688,195,199376
6,21.5,0.0010342351931158093,0.0010045154254169901,0.029586173538830394,0.995905,206,199181
6,22.5,0.0011609498680738787,0.0011769266413385801,0.013574994994191137,0.994875,231,198975
6,23.5,0.0014138791611319084,0.0013656110314349045,0.03534544506885437,0.99372,281,198744
6,24.5,0.0015871976136609847,0.00157055990947707,0.010593485854006227,0.992315,315,198463
6,25.5,0.0017209358661202736,0.0017916529472606034,0.039470301013628,0.99074,341,198148
6,26.5,0.002027228561173265,0.002028666898600052,0.0007090062088457751,0.989035,401,197807
6,27.5,0.0022491717576973345,0.002281285104848286,0.014076867061772691,0.98703,444,197406
6,28.5,0.002685797260385252,0.0025491074737914667,0.053622606343261464,0.98481,529,196962
6,29.5,0.0027744829025672874,0.002831660662092257,0.020192306334729446,0.982165,545,196433
6,30.5,0.0030425549293473823,0.003128408230667,0.02744312602109253,0.97944,596,195888
6,31.5,0.0034256395551277062,0.003438760581013518,0.003815626466773261,0.97646,669,195292
6,32.5,0.003951228785909168,0.003762084517411401,0.05027645381765974,0.973115,769,194623
6,33.5,0.004178402302763936,0.004097712314256767,0.0196914722945366,0.96927,810,193854
6,34.5,0.0042788172644578435,0.004444950199000677,0.037375657117639585,0.96522,826,193044
6,35.5,0.004624957079982103,0.004803086188898902,0.03708638610910184,0.96109,889,192218
6,36.5,0.005242279006318958,0.005171397243911036,0.013706501176520688,0.956645,1003,191329
6,37.5,0.005480071036011895,0.005549155718622829,0.012449584425805007,0.95163,1043,190326
6,38.5,0.005975180021449364,0.005935635113143321,0.006662287615773164,0.946415,1131,189283
6,39.5,0.006117394447042817,0.0063301151367666135,0.03360455301804404,0.94076,1151,188152
6,40.5,0.006705846492799504,0.006731886109070267,0.0038681011307779376,0.935005,1254,187001
6,41.5,0.007311019828045675,0.007140252731355755,0.023916113772837727,0.928735,1358,185747
6,42.5,0.007766189957101563,0.007554537267256527,0.028016631907078895,0.921945,1432,184389
6,43.5,0.008127592822357166,0.007974082175264163,0.01925119953857483,0.914785,1487,182957
6,44.5,0.008497272276409324,0.008398252238176184,0.011790553013283205,0.90735,1542,181470
6,45.5,0.008925792539237917,0.00882643623533547,0.011256672710633414,0.89964,1606,179928
6,46.5,0.009123944325433765,0.009258048203288146,0.014485113374842014,0.89161,1627,178322
6,47.5,0.009355103426808908,0.009692528329365768,0.03481288793704662,0.883475,1653,176695
6,48.5,0.010654585756561282,0.010129343520915683,0.05185353172799865,0.87521,1865,175042
6,49.5,0.010474832108189887,0.010567987690637772,0.008814883701124225,0.865885,1814,173177
6,50.5,0.011204285639257015,0.011007981795890034,0.017832864098691822,0.856815,1920,171363
6,51.5,0.011065668100777252,0.011448873667029237,0.033471027578507645,0.847215,1875,169443
6,52.5,0.011702711734937457,0.01189023765695503,0.01577141916149017,0.83784,1961,167568
6,53.5,0.012197552035843896,0.012331674141115516,0.010876228461506147,0.828035,2020,165607
6,54.5,0.012213684461479213,0.01277280889436686,0.04377458689875454,0.817935,1998,163587
6,55.5,0.013416754853362543,0.01321329236831426,0.015398318555047615,0.807945,2168,161589
6,56.5,0.013574121351641252,0.013652798890126529,0.005762740601282472,0.797105,2164,159421
6,57.5,0.01349383493262621,0.014091025801338348,0.04238093642944131,0.786285,2122,157257
6,58.5,0.014658200921777807,0.014527692552851176,0.008983420350605982,0.775675,2274,155135
6,59.5,0.01458841692779715,0.014962539770215078,0.025003966449778085,0.764305,2230,152861
6,60.5,0.015282378793209896,0.01539532830133331,0.007336609256564684,0.753155,2302,150631
6,61.5,0.014933020515206062,0.015825838256966554,0.056415194396889065,0.741645,2215,148329
6,62.5,0.016425530749962357,0.01625386805282637,0.010561344326044105,0.73057,2400,146114
6,63.5,0.016922498851886385,0.016679233460623652,0.014584926329920053,0.71857,2432,143714
6,64.5,0.016668790079415637,0.017101766674174925,0.02531765302429946,0.70641,2355,141282
6,65.5,0.017289655718470853,0.017521315395549193,0.01322159163559071,0.694635,2402,138927
6,66.5,0.018062625892693647,0.017937741945255496,0.006962077379599225,0.682625,2466,136525
6,67.5,0.01765640501570204,0.01835092239961297,0.03784645636807756,0.670295,2367,134059
6,68.5,0.01885460012757039,0.018760745757697348,0.005002699310848837,0.65846,2483,131692
6,69.5,0.019286582204026036,0.019167113139615125,0.006233023384413021,0.646045,2492,129209
6,70.5,0.019784243629505118,0.0195699370173039,0.010950807455932333,0.633585,2507,126717
6,71.5,0.019933982771113436,0.01996914047858571,0.0017606019402775356,0.62105,2476,124210
6,72.5,0.02047907733254473,0.02036465652480523,0.00561859747549045,0.60867,2493,121734
6,73.5,0.019926032153370066,0.020756427402047157,0.04000665589470327,0.596205,2376,119241
6,74.5,0.020972917468874343,0.021144403965656144,0.008110254470182232,0.584325,2451,116865
6,75.5,0.020618106175817646,0.021528545077549387,0.04228984812732069,0.57207,2359,114414
6,76.5,0.022212306456650753,0.02190881703563469,0.013852387398298926,0.560275,2489,112055
6,77.5,0.0222788091196174,0.02228519303449525,0.00028646441913101646,0.54783,2441,109566
6,78.5,0.022935822637106185,0.022657652656392697,0.012277087345806943,0.535625,2457,107125
6,79.5,0.02263346963732946,0.023026181391551815,0.01705501001422837,0.52334,2369,104668
6,80.5,0.02343131408909178,0.023390770186630452,0.001733329092536775,0.511495,2397,102299
6,81.5,0.023783307641488657,0.023751415020231988,0.0013427672090064067,0.49951,2376,99902
6,82.5,0.024085884789697105,0.024108116504299976,0.0009221672128100785,0.48763,2349,97526
6,83.5,0.024795906574067265,0.0244608795102162,0.013696443895696365,0.475885,2360,95177
6,84.5,0.024887682213387635,0.024809712818430654,0.0031426963918364673,0.464085,2310,92817
6,85.5,0.025533936601588827,0.025154628790459828,0.015079046257794762,0.452535,2311,90507
6,86.5,0.024933103542110754,0.025495643062108966,0.022064143219601515,0.44098,2199,88196
6,87.5,0.025384606439759528,0.02583277425680141,0.017348807084623715,0.429985,2183,85997
6,88.5,0.025341828334168516,0.02616604371792402,0.03149942699174298,0.41907,2124,83814
6,89.5,0.026588321704002937,0.0264954752591371,0.0035042377597592693,0.40845,2172,81690
6,90.5,0.02613244799919515,0.026821094931629545,0.02567557119460802,0.39759,2078,79518
6,91.5,0.02693698347107438,0.027142930807341672,0.007587512849260487,0.3872,2086,77440
6,92.5,0.02662101547363113,0.027461012777218106,0.030588722652059145,0.37677,2006,75354
6,93.5,0.02673556197851339,0.027775372363591722,0.03743641566589141,0.36674,1961,73348
6,94.5,0.02727387339431549,0.028086042545846013,0.02891718013332725,0.356935,1947,71387
6,95.5,0.02824020737327189,0.02839305759853666,0.005383366153303944,0.3472,1961,69440
6,96.5,0.028334741178737088,0.028696452941202752,0.012604755131471792,0.337395,1912,67479
6,97.5,0.02874921835679534,0.028996264999129637,0.008519947046342454,0.327835,1885,65567
6,98.5,0.029443170754687352,0.029292531074370503,0.005142596928015251,0.31841,1875,63682
6,99.5,0.02875078874561134,0.029585289226366367,0.028206602084231862,0.309035,1777,61807
6,100.5,0.030118274196235216,0.02987457816154662,0.008157304627727707,0.30015,1808,60030
6,101.5,0.03048675758304421,0.030160437131320703,0.010819486809912094,0.29111,1775,58222
6,102.5,0.030134462416071713,0.030442905837910653,0.010131865318022144,0.282235,1701,56447
6,103.5,0.029883461805428706,0.030722024347504144,0.02729515908815958,0.27373,1636,54746
6,104.5,0.029090566748258332,0.030997833010240044,0.06152901918503955,0.26555,1545,53110
6,105.5,0.030156113642974887,0.0312703723865637,0.035633050026215606,0.257825,1555,51565
6,106.5,0.03045390921815637,0.03153968317952548,0.03442564578689098,0.25005,1523,50010
6,107.5,0.031348608905479816,0.03180580617261216,0.014374647969968265,0.242435,1520,48487
6,108.5,0.03129857133732195,0.03206878217273715,0.024017464438359004,0.234835,1470,46967
6,109.5,0.03039760863353628,0.03232865195802782,0.05973163765066992,0.227485,1383,45497
6,110.5,0.03311873781565943,0.03258545623008144,0.01636563201118205,0.22057,1461,44114
6,111.5,0.03233066841722739,0.0328392355703751,0.015486570996996633,0.213265,1379,42653
6,112.5,0.03292629742695159,0.033090030400538824,0.004948105867698607,0.20637,1359,41274
6,113.5,0.03269447576099211,0.03333788094621766,0.01929952255404365,0.199575,1305,39915
6,114.5,0.03491323491323491,0.033582827204268466,0.03961571492698353,0.19305,1348,38610
6,115.5,0.03534431860877033,0.033824908913052835,0.04491984589295274,0.18631,1317,37262
6,116.5,0.0325497287522604,0.03406416552560322,0.04445835528260759,0.179725,1170,35945
6,117.5,0.03378864126527678,0.03430063618545286,0.014926688747342145,0.173875,1175,34775
6,118.5,0.033303571428571425,0.03453435970493857,0.03563952790446957,0.168,1119,33600
6,119.5,0.033742803485114374,0.034765374545790526,0.029413491844573463,0.162405,1096,32481
6,120.5,0.03514417715469173,0.034993718801845104,0.004299581696321252,0.156925,1103,31385
6,121.5,0.03365035334522158,0.03521943018371918,0.04455145441912727,0.15141,1019,30282
6,122.5,0.036291562724259305,0.03544254600530014,0.02395473279013874,0.146315,1062,29263
6,123.5,0.035211517322080776,0.03566310317191514,0.012662550638330118,0.141005,993,28201
6,124.5,0.035945310202881504,0.03588113817005264,0.0017884614619729526,0.13604,978,27208
6,125.5,0.03492184521540221,0.03609668705851426,0.03254708226291183,0.13115,916,26230
6,126.5,0.03547444102077901,0.03630978546088956,0.02300604174624836,0.12657,898,25314
6,127.5,0.035263761467889905,0.0365204685592496,0.03441103416624717,0.12208,861,24416
6,128.5,0.03561876459350456,0.036728771088961526,0.03022171617907917,0.117775,839,23555
6,129.5,0.03587779538651171,0.03693472733453852,0.028616210929448292,0.11358,815,22716
6,130.5,0.03693895255924387,0.0371383711264378,0.005369609951793762,0.109505,809,21901
6,131.5,0.034562867437891144,0.0373397358387332,0.07436764986327404,0.10546,729,21092
6,132.5,0.03850120316259883,0.03753885438758763,0.02563607203019494,0.101815,784,20363
7,20.5,0.00018510828834868398,0.00020229086150854312,0.08493993763101104,0.999415,37,199883
7,21.5,0.00023518108943886793,0.00025106225055483234,0.0632558701312842,0.99923,47,199846
7,22.5,0.00029029174320191795,0.0003075857214884456,0.05622490602892734,0.998995,58,199799
7,23.5,0.00042555108865981444,0.0003724131195498615,0.1426855454882503,0.998705,85,199741
7,24.5,0.0004307408743038025,0.0004460577523973536,0.03433832953520023,0.99828,86,199656
7,25.5,0.00043593726512000804,0.0005289887537065333,0.17590447421524452,0.99785,87,199570
7,26.5,0.0006466716462054411,0.0006216264437789493,0.04028979570791539,0.997415,129,199483
7,27.5,0.0008076085756995095,0.0007243386986698491,0.1149598622613624,0.99677,161,199354
7,28.5,0.0008584639018439403,0.0008374383137793132,0.02510702904162548,0.995965,171,199193
7,29.5,0.0010300368803448864,0.0009611813260651475,0.07163638370047981,0.99511,205,199022
7,30.5,0.0009707419385666216,0.0010957662410973632,0.11409760388815694,0.994085,193,198817
7,31.5,0.0011982439181569195,0.0012413340970286383,0.034712797283876363,0.99312,238,198624
7,32.5,0.0014668373776375349,0.0013979692870443733,0.0492629496451703,0.99193,291,198386
7,33.5,0.0016355788889169337,0.0015657010547391775,0.04463038072705192,0.990475,324,198095
7,34.5,0.0018607379241648168,0.0017445055728372192,0.06662767556457862,0.988855,368,197771
7,35.5,0.0020060485402957403,0.0019343085143818496,0.03708820251810593,0.987015,396,197403
7,36.5,0.001994852974767394,0.0021349880265868963,0.06563739471810036,0.985035,393,197007
7,37.5,0.002248059649872339,0.0023463780205790707,0.041902187049326134,0.98307,442,196614
7,38.5,0.0028495401994168383,0.002568271694884927,0.10951664697006046,0.98086,559,196172
7,39.5,0.0029548138416158436,0.0028004252163547094,0.0551304224656642,0.978065,578,195613
7,40.5,0.003204553028943523,0.003042561488928364,0.05324182949289054,0.975175,625,195035
7,41.5,0.0033331618743891777,0.0032943739479214516,0.011773990166537983,0.97205,648,194410
7,42.5,0.0035249429712740374,0.003555530325066849,0.00860275430001759,0.96881,683,193762
7,43.5,0.004019080272841686,0.0038256763371553692,0.05055418144184278,0.965395,776,193079
7,44.5,0.004326505566735828,0.004104439258578663,0.05410393336751792,0.961515,832,192303
7,45.5,0.003937933159590747,0.004391431345232269,0.10326887750024384,0.957355,754,191471
7,46.5,0.0047033038481100265,0.004686253083966497,0.0036384642139508823,0.953585,897,190717
7,47.5,0.005131176904435781,0.004988496247987493,0.02860193720820172,0.9491,974,189820
7,48.5,0.005237071476229309,0.005297746744254888,0.01145303295054218,0.94423,989,188846
7,49.5,0.00561065065448719,0.00561358724396346,0.000523121731015757,0.939285,1054,187857
7,50.5,0.006038446920017345,0.0059355995916219526,0.017327201204838723,0.934015,1128,186803
7,51.5,0.006263632691530901,0.006263366992064559,4.242118762614576e-05,0.928375,1163,185675
7,52.5,0.006454864724245578,0.006596475977966332,0.02146771309313742,0.92256,1191,184512
7,53.5,0.006665902978927673,0.0069345181631198585,0.038735955097900406,0.916605,1222,183321
7,54.5,0.007402566735676747,0.0072770917889032165,0.017242457620895543,0.910495,1348,182099
7,55.5,0.0072641368512484025,0.007623803073075691,0.04717674609113258,0.903755,1313,180751
7,56.5,0.008002764185958381,0.007974267371325184,0.003573596583388878,0.89719,1436,179438
7,57.5,0.008533611981887844,0.008328110162904774,0.02467568451464766,0.89001,1519,178002
7,58.5,0.008607061303354997,0.008684967872290651,0.008970277159483248,0.882415,1519,176483
7,59.5,0.009041860039779612,0.009044488539103984,0.0002906189015560952,0.87482,1582,174964
7,60.5,0.008870586335375068,0.009406332348621423,0.056955888160264034,0.86691,1538,173382
7,61.5,0.009648285654430763,0.00977017203508163,0.012475356648092866,0.85922,1658,171844
7,62.5,0.009883304149577521,0.01013569316972149,0.024901012285763944,0.85093,1682,170186
7,63.5,0.010415183022361487,0.010502594345077144,0.008322831468457997,0.84252,1755,168504
7,64.5,0.010404859999160415,0.010870587266588736,0.04284288015052843,0.833745,1735,166749
7,65.5,0.010835444265335063,0.011239396761979768,0.03594076312095161,0.82507,1788,165014
7,66.5,0.011805717226422261,0.011608760718268038,0.016966195870010855,0.81613,1927,163226
7,67.5,0.011785565936552613,0.011978429955617001,0.016100943093460184,0.806495,1901,161299
7,68.5,0.012239802255988155,0.012348168046574057,0.008775859720824503,0.79699,1951,159398
7,69.5,0.013198092056374526,0.012717751088580862,0.03776933236450563,0.787235,2078,157447
7,70.5,0.012821090436316124,0.013086967436983492,0.020316165830443315,0.776845,1992,155369
7,71.5,0.012974565938830463,0.01345561740513237,0.035750976846177215,0.766885,1990,153377
7,72.5,0.013832099189494474,0.013823512937547232,0.000621133859825196,0.756935,2094,151387
7,73.5,0.014441400467536992,0.014190477261532716,0.0176825064710455,0.746465,2156,149293
7,74.5,0.014591842976273812,0.014556344522076853,0.002438692911061635,0.735685,2147,147137
7,75.5,0.01505621077315677,0.014920959404339226,0.009064522270478843,0.72495,2183,144990
7,76.5,0.014992262284061706,0.01528417674754896,0.019099129008310328,0.714035,2141,142807
7,77.5,0.015774956279413648,0.015645861153680628,0.008251071926625867,0.70333,2219,140666
7,78.5,0.016157807680917607,0.01600588659385566,0.009491575875607335,0.692235,2237,138447
7,79.5,0.015821158505249247,0.016364136015037216,0.03318094577611796,0.68105,2155,136210
7,80.5,0.016694640259594943,0.016720500949233323,0.0015466456248469027,0.670275,2238,134055
7,81.5,0.016993255801603737,0.017074881127105944,0.004780433017049163,0.659085,2240,131817
7,82.5,0.017449084328237264,0.0174271840975961,0.001256670642745153,0.647885,2261,129577
7,83.5,0.016305884570674542,0.01777732485491564,0.08277062472840094,0.63658,2076,127316
7,84.5,0.01848450974129671,0.0181252254740211,0.01982233367472174,0.6262,2315,125240
7,85.5,0.01836892414073622,0.018470814755484077,0.005516303211129616,0.614625,2258,122925
7,86.5,0.01885353907862133,0.018814027880477455,0.002100092462649876,0.603335,2275,120667
7,87.5,0.018742820460841948,0.019154806076444746,0.02150821125301965,0.59196,2219,118392
7,88.5,0.018825372504798876,0.01949309629386696,0.03425437288165283,0.580865,2187,116173
7,89.5,0.01985331531942519,0.019828850894419887,0.001233779261116348,0.56993,2263,113986
7,90.5,0.019870572755833624,0.020162027350703413,0.014455619457317152,0.558615,2220,111723
7,91.5,0.020465192734445633,0.020492587957628764,0.0013368357007799397,0.547515,2241,109503
7,92.5,0.020501202662639145,0.020820499555468924,0.015335697973006093,0.53631,2199,107262
7,93.5,0.021577529672672586,0.021145733264504432,0.020420025296213024,0.525315,2267,105063
7,94.5,0.02072065060897311,0.021468264231140243,0.03482412989321696,0.51398,2130,102796
7,95.5,0.021844515526592893,0.021788071385317187,0.002590598326832311,0.50333,2199,100666
7,96.5,0.021245696527770724,0.02210513720900044,0.03887968091325759,0.492335,2092,98467
7,97.5,0.023055771725032426,0.022419447515493435,0.028382689140722384,0.481875,2222,96375
7,98.5,0.02221915393030493,0.022730991239298063,0.022517157461582827,0.470765,2092,94153
7,99.5,0.022908723563724052,0.023039760236219838,0.0056874147626670415,0.460305,2109,92061
7,100.5,0.022767698327997153,0.023345749093400203,0.02476042910811818,0.44976,2048,89952
7,101.5,0.02324126319621405,0.023648954948946668,0.01723931368691521,0.43952,2043,87904
7,102.5,0.023724391749455516,0.023949377320822342,0.009394213818294821,0.429305,2037,85861
7,103.5,0.02343004390150792,0.02424701794465014,0.03369379463516561,0.41912,1964,83824
7,104.5,0.023882237967261178,0.024541880620090138,0.02687824389011867,0.4093,1955,81860
7,105.5,0.023965959576997684,0.024833971065439327,0.034952585156613473,0.399525,1915,79905
7,106.5,0.02525964867290678,0.025123296780116624,0.00542730892301009,0.38995,1970,77990
7,107.5,0.02440147329650092,0.025409866914691246,0.03968512001955041,0.3801,1855,76020
7,108.5,0.025699453920312816,0.02569369214812309,0.0002242485103545623,0.370825,1906,74165
7,109.5,0.02615591137436167,0.02597478457188635,0.006973178236533308,0.361295,1890,72259
7,110.5,0.024996802569313192,0.026253157580663565,0.04785538682309686,0.351845,1759,70369
7,111.5,0.025477335665354903,0.026528825769292705,0.03963575746179118,0.34305,1748,68610
7,112.5,0.02659208519039215,0.02680180483567416,0.007824832938223048,0.33431,1778,66862
7,113.5,0.026903693688156843,0.02707211148934015,0.006221081102211904,0.32542,1751,65084
7,114.5,0.02628961205058974,0.02733976336540979,0.03841113402425044,0.316665,1665,63333
7,115.5,0.02742102873451385,0.027604778943656455,0.006656463705710328,0.30834,1691,61668
7,116.5,0.027627257115227503,0.027867177472428156,0.008609424382430902,0.299885,1657,59977
7,117.5,0.026748971193415638,0.02812697889716706,0.04899238232408297,0.2916,1560,58320
7,118.5,0.028840732910500353,0.02838420379329379,0.016083914860927917,0.2838,1637,56760
7,119.5,0.028427335232117264,0.02863887330321899,0.00738639641518122,0.275615,1567,55123
7,120.5,0.027578609306146838,0.028891009077268284,0.04542588898890538,0.26778,1477,53556
7,121.5,0.030703354519095987,0.029140633218306275,0.053626882061300014,0.260395,1599,52079
7,122.5,0.029635499207606972,0.029387768229859914,0.008429730893799123,0.2524,1496,50480
7,123.5,0.029846480483423157,0.02963243696754949,0.007223284271491627,0.24492,1462,48984
7,124.5,0.030280712091241953,0.029874662593645598,0.013591768486875653,0.23761,1439,47522
7,125.5,0.028969468133585054,0.030114468534578068,0.03802160412289195,0.230415,1335,46083
7,126.5,0.029208009296504873,0.030351878441228622,0.037686930874432104,0.22374,1307,44748
7,127.5,0.02960337008816556,0.03058691615185722,0.032155777287536096,0.217205,1286,43441
7,128.5,0.03178745107341952,0.030819605657504502,0.03140356261110536,0.210775,1340,42155
7,129.5,0.03082200171505574,0.03104997106973573,0.0073420150430411335,0.204075,1258,40815
7,130.5,0.03119549005232955,0.03127803659058746,0.002639121481261841,0.197785,1234,39557
7,131.5,0.030660438900921117,0.031503826484592615,0.02677095698466877,0.191615,1175,38323
7,132.5,0.030688058576504793,0.031727365052760935,0.03275741538976939,0.18574,1140,37148
7,133.5,0.03202066207509442,0.03194867660840238,0.002253159577605504,0.18004,1153,36008
7,134.5,0.03161669774781237,0.03216778545468441,0.017131664461278416,0.174275,1102,34855
7,135.5,0.03267857671910645,0.03238471586382052,0.009074060014039743,0.168765,1103,33753
7,136.5,0.033047473200612555,0.03259949205779458,0.013741966961441043,0.16325,1079,32650
7,137.5,0.032656551898894555,0.03281213819052804,0.004741729744342015,0.157855,1031,31571
7,138.5,0.031532416502946956,0.03302267833140301,0.04512843608566071,0.1527,963,30540
7,139.5,0.03587246847212361,0.03323113645006231,0.07948365010117937,0.147885,1061,29577
7,140.5,0.03236779351942769,0.03343753640240631,0.03199227568995293,0.14258,923,28516
7,141.5,0.03265320914724749,0.033641901917713206,0.029388729950049278,0.137965,901,27593
7,142.5,0.033493181477596286,0.033844256586819076,0.010373255158440056,0.13346,894,26692
7,143.5,0.03418869679820141,0.03404462385128461,0.004231885408578766,0.12899,882,25798
7,144.5,0.035840423824048805,0.034243026993495,0.046648820819995204,0.12458,893,24916
7,145.5,0.0350497439953378,0.03443948912762955,0.017719626021358858,0.120115,842,24023
7,146.5,0.033389413744014496,0.03463403319144971,0.03593631271747127,0.115905,774,23181
7,147.5,0.03431963225777659,0.03482668193885355,0.014559230246717344,0.112035,769,22407
7,148.5,0.0328588594139939,0.03501745793314566,0.06164349574640444,0.10819,711,21638
7,149.5,0.03559994265781048,0.03520638354098129,0.01117862947698332,0.104635,745,20927
7,150.5,0.033544742840154594,0.035393480926937344,0.052233858845336364,0.10091,677,20182
