k,mu_t,t_years,local_slope,k_minus_1
2,0.001,0.0142857,0.999001,1
2,0.00102927,0.0147039,0.998972,1
2,0.00105941,0.0151344,0.998942,1
2,0.00109042,0.0155774,0.998911,1
2,0.00112234,0.0160335,0.998879,1
2,0.0011552,0.0165028,0.998846,1
2,0.00118902,0.016986,0.998812,1
2,0.00122382,0.0174832,0.998778,1
2,0.00125965,0.017995,0.998742,1
2,0.00129653,0.0185218,0.998705,1
2,0.00133448,0.0190641,0.998667,1
2,0.00137355,0.0196221,0.998628,1
2,0.00141376,0.0201966,0.998588,1
2,0.00145515,0.0207878,0.998547,1
2,0.00149775,0.0213964,0.998504,1
2,0.00154159,0.0220228,0.998461,1
2,0.00158672,0.0226675,0.998416,1
2,0.00163317,0.0233311,0.998369,1
2,0.00168099,0.0240141,0.998322,1
2,0.0017302,0.0247171,0.998273,1
2,0.00178085,0.0254407,0.998222,1
2,0.00183298,0.0261854,0.998170,1
2,0.00188664,0.026952,0.998117,1
2,0.00194187,0.027741,0.998062,1
2,0.00199872,0.0285531,0.998005,1
2,0.00205723,0.029389,0.997947,1
2,0.00211746,0.0302494,0.997887,1
2,0.00217944,0.0311349,0.997825,1
2,0.00224325,0.0320464,0.997762,1
2,0.00230892,0.0329845,0.997696,1
2,0.00237651,0.0339502,0.997629,1
2,0.00244608,0.034944,0.997560,1
2,0.00251769,0.035967,0.997489,1
2,0.0025914,0.0370199,0.997415,1
2,0.00266726,0.0381037,0.997340,1
2,0.00274534,0.0392192,0.997262,1
2,0.00282571,0.0403673,0.997182,1
2,0.00290843,0.0415491,0.997100,1
2,0.00299358,0.0427654,0.997015,1
2,0.00308121,0.0440173,0.996928,1
2,0.00317142,0.0453059,0.996839,1
2,0.00326426,0.0466323,0.996746,1
2,0.00335982,0.0479974,0.996651,1
2,0.00345818,0.0494025,0.996554,1
2,0.00355941,0.0508488,0.996453,1
2,0.00366361,0.0523374,0.996350,1
2,0.00377087,0.0538695,0.996243,1
2,0.00388126,0.0554465,0.996134,1
2,0.00399488,0.0570697,0.996021,1
2,0.00411183,0.0587404,0.995905,1
2,0.0042322,0.06046,0.995786,1
2,0.0043561,0.06223,0.995663,1
2,0.00448362,0.0640518,0.995536,1
2,0.00461488,0.0659269,0.995406,1
2,0.00474998,0.0678568,0.995272,1
2,0.00488903,0.0698433,0.995135,1
2,0.00503216,0.071888,0.994993,1
2,0.00517947,0.0739925,0.994847,1
2,0.0053311,0.0761586,0.994697,1
2,0.00548717,0.0783881,0.994543,1
2,0.00564781,0.0806829,0.994384,1
2,0.00581314,0.0830449,0.994220,1
2,0.00598332,0.085476,0.994052,1
2,0.00615848,0.0879783,0.993879,1
2,0.00633877,0.0905539,0.993701,1
2,0.00652434,0.0932048,0.993518,1
2,0.00671533,0.0959334,0.993329,1
2,0.00691192,0.0987418,0.993136,1
2,0.00711427,0.101632,0.992936,1
2,0.00732254,0.104608,0.992731,1
2,0.0075369,0.10767,0.992519,1
2,0.00775755,0.110822,0.992302,1
2,0.00798465,0.114066,0.992079,1
2,0.00821839,0.117406,0.991849,1
2,0.00845899,0.120843,0.991612,1
2,0.00870662,0.12438,0.991369,1
2,0.00896151,0.128022,0.991118,1
2,0.00922385,0.131769,0.990860,1
2,0.00949388,0.135627,0.990595,1
2,0.00977181,0.139597,0.990323,1
2,0.0100579,0.143684,0.990042,1
2,0.0103523,0.14789,0.989754,1
2,0.0106554,0.15222,0.989457,1
2,0.0109673,0.156676,0.989152,1
2,0.0112884,0.161263,0.988838,1
2,0.0116188,0.165983,0.988515,1
2,0.011959,0.170843,0.988182,1
2,0.0123091,0.175844,0.987841,1
2,0.0126694,0.180992,0.987489,1
2,0.0130403,0.18629,0.987128,1
2,0.0134221,0.191744,0.986756,1
2,0.013815,0.197357,0.986373,1
2,0.0142194,0.203135,0.985980,1
2,0.0146357,0.209081,0.985575,1
2,0.0150642,0.215202,0.985159,1
2,0.0155052,0.221502,0.984732,1
2,0.0159591,0.227987,0.984292,1
2,0.0164263,0.234661,0.983839,1
2,0.0169071,0.241531,0.983374,1
2,0.0174021,0.248601,0.982896,1
2,0.0179115,0.255879,0.982404,1
2,0.0184359,0.26337,0.981898,1
2,0.0189756,0.27108,0.981378,1
2,0.0195311,0.279016,0.980843,1
2,0.0201029,0.287184,0.980293,1
2,0.0206914,0.295591,0.979728,1
2,0.0212971,0.304245,0.979147,1
2,0.0219206,0.313151,0.978550,1
2,0.0225623,0.322319,0.977936,1
2,0.0232228,0.331754,0.977304,1
2,0.0239027,0.341466,0.976655,1
2,0.0246024,0.351463,0.975988,1
2,0.0253226,0.361752,0.975303,1
2,0.0260639,0.372342,0.974598,1
2,0.026827,0.383242,0.973874,1
2,0.0276123,0.394462,0.973130,1
2,0.0284207,0.406009,0.972365,1
2,0.0292527,0.417895,0.971579,1
2,0.030109,0.430129,0.970771,1
2,0.0309905,0.442721,0.969941,1
2,0.0318977,0.455681,0.969088,1
2,0.0328315,0.469021,0.968212,1
2,0.0337926,0.482752,0.967312,1
2,0.0347819,0.496884,0.966387,1
2,0.0358001,0.511431,0.965437,1
2,0.0368482,0.526403,0.964461,1
2,0.0379269,0.541813,0.963459,1
2,0.0390372,0.557674,0.962429,1
2,0.04018,0.574,0.961372,1
2,0.0413563,0.590804,0.960286,1
2,0.042567,0.608099,0.959171,1
2,0.0438131,0.625901,0.958026,1
2,0.0450957,0.644225,0.956850,1
2,0.0464159,0.663084,0.955643,1
2,0.0477747,0.682496,0.954404,1
2,0.0491733,0.702476,0.953131,1
2,0.0506128,0.72304,0.951825,1
2,0.0520945,0.744207,0.950485,1
2,0.0536196,0.765994,0.949109,1
2,0.0551893,0.788418,0.947697,1
2,0.0568049,0.811499,0.946248,1
2,0.0584679,0.835255,0.944762,1
2,0.0601795,0.859707,0.943236,1
2,0.0619412,0.884875,0.941672,1
2,0.0637546,0.910779,0.940066,1
2,0.065621,0.937442,0.938420,1
2,0.067542,0.964886,0.936731,1
2,0.0695193,0.993133,0.935000,1
2,0.0715544,1.02221,0.933224,1
2,0.0736492,1.05213,0.931403,1
2,0.0758052,1.08293,0.929536,1
2,0.0780244,1.11463,0.927623,1
2,0.0803086,1.14727,0.925661,1
2,0.0826596,1.18085,0.923651,1
2,0.0850794,1.21542,0.921592,1
2,0.0875701,1.251,0.919481,1
2,0.0901337,1.28762,0.917319,1
2,0.0927723,1.32532,0.915104,1
2,0.0954882,1.36412,0.912835,1
2,0.0982836,1.40405,0.910512,1
2,0.101161,1.44516,0.908133,1
2,0.104122,1.48746,0.905697,1
2,0.10717,1.53101,0.903203,1
2,0.110308,1.57583,0.900651,1
2,0.113537,1.62196,0.898039,1
2,0.116861,1.66944,0.895367,1
2,0.120282,1.71831,0.892632,1
2,0.123803,1.76862,0.889836,1
2,0.127427,1.82039,0.886975,1
2,0.131158,1.87368,0.884050,1
2,0.134998,1.92854,0.881059,1
2,0.13895,1.98499,0.878002,1
2,0.143017,2.0431,0.874877,1
2,0.147204,2.10292,0.871684,1
2,0.151513,2.16448,0.868422,1
2,0.155949,2.22784,0.865090,1
2,0.160514,2.29306,0.861687,1
2,0.165213,2.36019,0.858212,1
2,0.17005,2.42928,0.854664,1
2,0.175028,2.5004,0.851043,1
2,0.180152,2.5736,0.847348,1
2,0.185426,2.64894,0.843579,1
2,0.190854,2.72649,0.839733,1
2,0.196441,2.80631,0.835812,1
2,0.202192,2.88846,0.831814,1
2,0.208111,2.97302,0.827738,1
2,0.214204,3.06005,0.823585,1
2,0.220475,3.14964,0.819353,1
2,0.226929,3.24184,0.815043,1
2,0.233572,3.33674,0.810654,1
2,0.24041,3.43443,0.806185,1
2,0.247448,3.53497,0.801637,1
2,0.254692,3.63845,0.797008,1
2,0.262148,3.74497,0.792300,1
2,0.269822,3.8546,0.787512,1
2,0.277721,3.96745,0.782643,1
2,0.285851,4.08359,0.777695,1
2,0.29422,4.20314,0.772666,1
2,0.302833,4.32618,0.767558,1
2,0.311698,4.45283,0.762370,1
2,0.320823,4.58319,0.757104,1
2,0.330215,4.71736,0.751758,1
2,0.339882,4.85546,0.746334,1
2,0.349832,4.9976,0.740833,1
2,0.360073,5.1439,0.735254,1
2,0.370614,5.29449,0.729600,1
2,0.381464,5.44949,0.723870,1
2,0.392631,5.60902,0.718065,1
2,0.404126,5.77322,0.712187,1
2,0.415956,5.94223,0.706237,1
2,0.428133,6.11619,0.700215,1
2,0.440667,6.29524,0.694123,1
2,0.453567,6.47953,0.687963,1
2,0.466845,6.66922,0.681735,1
2,0.480512,6.86446,0.675442,1
2,0.494579,7.06541,0.669085,1
2,0.509058,7.27225,0.662665,1
2,0.52396,7.48514,0.656185,1
2,0.539299,7.70427,0.649646,1
2,0.555087,7.92981,0.643051,1
2,0.571337,8.16195,0.636401,1
2,0.588063,8.40089,0.629698,1
2,0.605278,8.64683,0.622945,1
2,0.622997,8.89996,0.616144,1
2,0.641235,9.16051,0.609297,1
2,0.660008,9.42868,0.602407,1
2,0.679329,9.7047,0.595476,1
2,0.699216,9.9888,0.588507,1
2,0.719686,10.2812,0.581502,1
2,0.740754,10.5822,0.574464,1
2,0.76244,10.892,0.567395,1
2,0.78476,11.2109,0.560299,1
2,0.807734,11.5391,0.553179,1
2,0.83138,11.8769,0.546036,1
2,0.855718,12.2245,0.538875,1
2,0.880769,12.5824,0.531697,1
2,0.906554,12.9508,0.524507,1
2,0.933093,13.3299,0.517306,1
2,0.960409,13.7201,0.510098,1
2,0.988525,14.1218,0.502885,1
2,1.01746,14.5352,0.495672,1
2,1.04725,14.9607,0.488460,1
2,1.07791,15.3987,0.481253,1
2,1.10946,15.8495,0.474054,1
2,1.14194,16.3135,0.466866,1
2,1.17537,16.791,0.459691,1
2,1.20978,17.2826,0.452534,1
2,1.2452,17.7885,0.445395,1
2,1.28165,18.3093,0.438279,1
2,1.31917,18.8453,0.431189,1
2,1.35779,19.397,0.424126,1
2,1.39754,19.9648,0.417095,1
2,1.43845,20.5493,0.410097,1
2,1.48056,21.1509,0.403135,1
2,1.5239,21.77,0.396212,1
2,1.56852,22.4074,0.389330,1
2,1.61443,23.0633,0.382492,1
2,1.6617,23.7385,0.375700,1
2,1.71034,24.4334,0.368957,1
2,1.76041,25.1487,0.362265,1
2,1.81195,25.8849,0.355626,1
2,1.86499,26.6427,0.349041,1
2,1.91959,27.4227,0.342514,1
2,1.97578,28.2255,0.336046,1
2,2.03362,29.0518,0.329639,1
2,2.09316,29.9023,0.323294,1
2,2.15443,30.7776,0.317014,1
2,2.21751,31.6786,0.310800,1
2,2.28242,32.606,0.304653,1
2,2.34924,33.5606,0.298575,1
2,2.41801,34.543,0.292568,1
2,2.4888,35.5543,0.286632,1
2,2.56166,36.5951,0.280768,1
2,2.63665,37.6664,0.274978,1
2,2.71384,38.7691,0.269263,1
2,2.79329,39.9041,0.263624,1
2,2.87506,41.0723,0.258061,1
2,2.95922,42.2746,0.252575,1
2,3.04586,43.5122,0.247167,1
2,3.13502,44.786,0.241837,1
2,3.2268,46.0971,0.236586,1
2,3.32126,47.4466,0.231414,1
2,3.41849,48.8356,0.226322,1
2,3.51857,50.2653,0.221309,1
2,3.62157,51.7368,0.216377,1
2,3.72759,53.2513,0.211524,1
2,3.83672,54.8103,0.206752,1
2,3.94904,56.4148,0.202060,1
2,4.06464,58.0663,0.197447,1
2,4.18364,59.7662,0.192915,1
2,4.30611,61.5159,0.188462,1
2,4.43217,63.3167,0.184088,1
2,4.56192,65.1703,0.179794,1
2,4.69547,67.0782,0.175578,1
2,4.83293,69.0419,0.171440,1
2,4.97441,71.063,0.167380,1
2,5.12004,73.1434,0.163398,1
2,5.26993,75.2847,0.159492,1
2,5.4242,77.4886,0.155661,1
2,5.58299,79.7571,0.151907,1
2,5.74643,82.0919,0.148226,1
2,5.91466,84.4952,0.144620,1
2,6.08781,86.9687,0.141087,1
2,6.26603,89.5147,0.137627,1
2,6.44947,92.1352,0.134238,1
2,6.63827,94.8325,0.130920,1
2,6.83261,97.6087,0.127671,1
2,7.03263,100.466,0.124492,1
2,7.23851,103.407,0.121381,1
2,7.45041,106.434,0.118337,1
2,7.66852,109.55,0.115360,1
2,7.89302,112.757,0.112448,1
2,8.12408,116.058,0.109600,1
2,8.36192,119.456,0.106816,1
2,8.60671,122.953,0.104094,1
2,8.85867,126.552,0.101434,1
2,9.118,130.257,0.098834,1
2,9.38493,134.07,0.096293,1
2,9.65967,137.995,0.093812,1
2,9.94246,142.035,0.091387,1
2,10.2335,146.193,0.089019,1
2,10.5331,150.473,0.086707,1
2,10.8415,154.878,0.084449,1
2,11.1588,159.412,0.082245,1
2,11.4855,164.079,0.080093,1
2,11.8217,168.882,0.077992,1
2,12.1678,173.826,0.075943,1
2,12.524,178.915,0.073942,1
2,12.8907,184.153,0.071991,1
2,13.268,189.544,0.070087,1
2,13.6565,195.092,0.068229,1
2,14.0563,200.804,0.066418,1
2,14.4678,206.682,0.064651,1
2,14.8913,212.733,0.062928,1
2,15.3272,218.96,0.061247,1
2,15.7759,225.37,0.059609,1
2,16.2378,231.968,0.058012,1
2,16.7131,238.759,0.056455,1
2,17.2024,245.749,0.054938,1
2,17.706,252.943,0.053459,1
2,18.2243,260.348,0.052017,1
2,18.7578,267.969,0.050613,1
2,19.307,275.814,0.049244,1
2,19.8722,283.888,0.047911,1
2,20.4539,292.199,0.046611,1
2,21.0527,300.753,0.045346,1
2,21.669,309.558,0.044113,1
2,22.3034,318.62,0.042912,1
2,22.9563,327.947,0.041743,1
2,23.6284,337.548,0.040604,1
2,24.3201,347.43,0.039494,1
2,25.032,357.601,0.038414,1
2,25.7648,368.069,0.037362,1
2,26.5191,378.844,0.036338,1
2,27.2954,389.935,0.035341,1
2,28.0945,401.35,0.034371,1
2,28.917,413.1,0.033426,1
2,29.7635,425.193,0.032506,1
2,30.6348,437.64,0.031611,1
2,31.5317,450.452,0.030739,1
2,32.4547,463.639,0.029891,1
2,33.4048,477.212,0.029066,1
2,34.3828,491.182,0.028262,1
2,35.3893,505.562,0.027481,1
2,36.4253,520.362,0.026720,1
2,37.4917,535.595,0.025980,1
2,38.5892,551.275,0.025259,1
2,39.7189,567.413,0.024559,1
2,40.8817,584.024,0.023877,1
2,42.0785,601.121,0.023213,1
2,43.3103,618.719,0.022568,1
2,44.5782,636.832,0.021940,1
2,45.8832,655.475,0.021330,1
2,47.2265,674.664,0.020736,1
2,48.609,694.414,0.020158,1
2,50.032,714.743,0.019596,1
2,51.4967,735.667,0.019049,1
2,53.0043,757.204,0.018517,1
2,54.5559,779.371,0.018000,1
2,56.1531,802.187,0.017497,1
2,57.7969,825.67,0.017008,1
2,59.4889,849.842,0.016532,1
2,61.2304,874.721,0.016069,1
2,63.023,900.328,0.015619,1
2,64.8679,926.685,0.015182,1
2,66.7669,953.813,0.014756,1
2,68.7215,981.736,0.014343,1
2,70.7333,1010.48,0.013941,1
2,72.804,1040.06,0.013549,1
2,74.9353,1070.5,0.013169,1
2,77.1291,1101.84,0.012799,1
2,79.387,1134.1,0.012440,1
2,81.711,1167.3,0.012090,1
2,84.1031,1201.47,0.011750,1
2,86.5652,1236.65,0.011420,1
2,89.0994,1272.85,0.011099,1
2,91.7077,1310.11,0.010787,1
2,94.3925,1348.46,0.010483,1
2,97.1558,1387.94,0.010188,1
2,100,1428.57,0.009901,1
3,0.001,0.0142857,1.999000,2
3,0.00102927,0.0147039,1.998971,2
3,0.00105941,0.0151344,1.998941,2
3,0.00109042,0.0155774,1.998910,2
3,0.00112234,0.0160335,1.998878,2
3,0.0011552,0.0165028,1.998845,2
3,0.00118902,0.016986,1.998811,2
3,0.00122382,0.0174832,1.998776,2
3,0.00125965,0.017995,1.998740,2
3,0.00129653,0.0185218,1.998703,2
3,0.00133448,0.0190641,1.998666,2
3,0.00137355,0.0196221,1.998626,2
3,0.00141376,0.0201966,1.998586,2
3,0.00145515,0.0207878,1.998545,2
3,0.00149775,0.0213964,1.998502,2
3,0.00154159,0.0220228,1.998458,2
3,0.00158672,0.0226675,1.998413,2
3,0.00163317,0.0233311,1.998367,2
3,0.00168099,0.0240141,1.998319,2
3,0.0017302,0.0247171,1.998270,2
3,0.00178085,0.0254407,1.998219,2
3,0.00183298,0.0261854,1.998167,2
3,0.00188664,0.026952,1.998113,2
3,0.00194187,0.027741,1.998058,2
3,0.00199872,0.0285531,1.998001,2
3,0.00205723,0.029389,1.997943,2
3,0.00211746,0.0302494,1.997883,2
3,0.00217944,0.0311349,1.997821,2
3,0.00224325,0.0320464,1.997757,2
3,0.00230892,0.0329845,1.997691,2
3,0.00237651,0.0339502,1.997623,2
3,0.00244608,0.034944,1.997554,2
3,0.00251769,0.035967,1.997482,2
3,0.0025914,0.0370199,1.997409,2
3,0.00266726,0.0381037,1.997333,2
3,0.00274534,0.0392192,1.997255,2
3,0.00282571,0.0403673,1.997174,2
3,0.00290843,0.0415491,1.997092,2
3,0.00299358,0.0427654,1.997006,2
3,0.00308121,0.0440173,1.996919,2
3,0.00317142,0.0453059,1.996829,2
3,0.00326426,0.0466323,1.996736,2
3,0.00335982,0.0479974,1.996640,2
3,0.00345818,0.0494025,1.996542,2
3,0.00355941,0.0508488,1.996441,2
3,0.00366361,0.0523374,1.996336,2
3,0.00377087,0.0538695,1.996229,2
3,0.00388126,0.0554465,1.996119,2
3,0.00399488,0.0570697,1.996005,2
3,0.00411183,0.0587404,1.995888,2
3,0.0042322,0.06046,1.995768,2
3,0.0043561,0.06223,1.995644,2
3,0.00448362,0.0640518,1.995516,2
3,0.00461488,0.0659269,1.995385,2
3,0.00474998,0.0678568,1.995250,2
3,0.00488903,0.0698433,1.995111,2
3,0.00503216,0.071888,1.994968,2
3,0.00517947,0.0739925,1.994821,2
3,0.0053311,0.0761586,1.994669,2
3,0.00548717,0.0783881,1.994513,2
3,0.00564781,0.0806829,1.994352,2
3,0.00581314,0.0830449,1.994187,2
3,0.00598332,0.085476,1.994017,2
3,0.00615848,0.0879783,1.993842,2
3,0.00633877,0.0905539,1.993661,2
3,0.00652434,0.0932048,1.993476,2
3,0.00671533,0.0959334,1.993285,2
3,0.00691192,0.0987418,1.993088,2
3,0.00711427,0.101632,1.992886,2
3,0.00732254,0.104608,1.992678,2
3,0.0075369,0.10767,1.992463,2
3,0.00775755,0.110822,1.992243,2
3,0.00798465,0.114066,1.992016,2
3,0.00821839,0.117406,1.991782,2
3,0.00845899,0.120843,1.991541,2
3,0.00870662,0.12438,1.991294,2
3,0.00896151,0.128022,1.991039,2
3,0.00922385,0.131769,1.990777,2
3,0.00949388,0.135627,1.990507,2
3,0.00977181,0.139597,1.990229,2
3,0.0100579,0.143684,1.989943,2
3,0.0103523,0.14789,1.989648,2
3,0.0106554,0.15222,1.989345,2
3,0.0109673,0.156676,1.989033,2
3,0.0112884,0.161263,1.988712,2
3,0.0116188,0.165983,1.988382,2
3,0.011959,0.170843,1.988042,2
3,0.0123091,0.175844,1.987692,2
3,0.0126694,0.180992,1.987332,2
3,0.0130403,0.18629,1.986961,2
3,0.0134221,0.191744,1.986579,2
3,0.013815,0.197357,1.986186,2
3,0.0142194,0.203135,1.985782,2
3,0.0146357,0.209081,1.985366,2
3,0.0150642,0.215202,1.984938,2
3,0.0155052,0.221502,1.984497,2
3,0.0159591,0.227987,1.984043,2
3,0.0164263,0.234661,1.983576,2
3,0.0169071,0.241531,1.983095,2
3,0.0174021,0.248601,1.982600,2
3,0.0179115,0.255879,1.982091,2
3,0.0184359,0.26337,1.981567,2
3,0.0189756,0.27108,1.981028,2
3,0.0195311,0.279016,1.980473,2
3,0.0201029,0.287184,1.979901,2
3,0.0206914,0.295591,1.979313,2
3,0.0212971,0.304245,1.978708,2
3,0.0219206,0.313151,1.978085,2
3,0.0225623,0.322319,1.977443,2
3,0.0232228,0.331754,1.976783,2
3,0.0239027,0.341466,1.976104,2
3,0.0246024,0.351463,1.975405,2
3,0.0253226,0.361752,1.974685,2
3,0.0260639,0.372342,1.973945,2
3,0.026827,0.383242,1.973182,2
3,0.0276123,0.394462,1.972398,2
3,0.0284207,0.406009,1.971591,2
3,0.0292527,0.417895,1.970759,2
3,0.030109,0.430129,1.969904,2
3,0.0309905,0.442721,1.969024,2
3,0.0318977,0.455681,1.968118,2
3,0.0328315,0.469021,1.967186,2
3,0.0337926,0.482752,1.966226,2
3,0.0347819,0.496884,1.965238,2
3,0.0358001,0.511431,1.964222,2
3,0.0368482,0.526403,1.963176,2
3,0.0379269,0.541813,1.962099,2
3,0.0390372,0.557674,1.960991,2
3,0.04018,0.574,1.959851,2
3,0.0413563,0.590804,1.958678,2
3,0.042567,0.608099,1.957470,2
3,0.0438131,0.625901,1.956227,2
3,0.0450957,0.644225,1.954948,2
3,0.0464159,0.663084,1.953632,2
3,0.0477747,0.682496,1.952277,2
3,0.0491733,0.702476,1.950883,2
3,0.0506128,0.72304,1.949449,2
3,0.0520945,0.744207,1.947973,2
3,0.0536196,0.765994,1.946453,2
3,0.0551893,0.788418,1.944890,2
3,0.0568049,0.811499,1.943282,2
3,0.0584679,0.835255,1.941626,2
3,0.0601795,0.859707,1.939923,2
3,0.0619412,0.884875,1.938170,2
3,0.0637546,0.910779,1.936367,2
3,0.065621,0.937442,1.934511,2
3,0.067542,0.964886,1.932602,2
3,0.0695193,0.993133,1.930637,2
3,0.0715544,1.02221,1.928616,2
3,0.0736492,1.05213,1.926536,2
3,0.0758052,1.08293,1.924397,2
3,0.0780244,1.11463,1.922195,2
3,0.0803086,1.14727,1.919930,2
3,0.0826596,1.18085,1.917600,2
3,0.0850794,1.21542,1.915203,2
3,0.0875701,1.251,1.912738,2
3,0.0901337,1.28762,1.910201,2
3,0.0927723,1.32532,1.907592,2
3,0.0954882,1.36412,1.904908,2
3,0.0982836,1.40405,1.902147,2
3,0.101161,1.44516,1.899307,2
3,0.104122,1.48746,1.896386,2
3,0.10717,1.53101,1.893383,2
3,0.110308,1.57583,1.890293,2
3,0.113537,1.62196,1.887116,2
3,0.116861,1.66944,1.883849,2
3,0.120282,1.71831,1.880490,2
3,0.123803,1.76862,1.877035,2
3,0.127427,1.82039,1.873484,2
3,0.131158,1.87368,1.869832,2
3,0.134998,1.92854,1.866078,2
3,0.13895,1.98499,1.862218,2
3,0.143017,2.0431,1.858251,2
3,0.147204,2.10292,1.854173,2
3,0.151513,2.16448,1.849982,2
3,0.155949,2.22784,1.845674,2
3,0.160514,2.29306,1.841248,2
3,0.165213,2.36019,1.836699,2
3,0.17005,2.42928,1.832026,2
3,0.175028,2.5004,1.827224,2
3,0.180152,2.5736,1.822292,2
3,0.185426,2.64894,1.817225,2
3,0.190854,2.72649,1.812021,2
3,0.196441,2.80631,1.806676,2
3,0.202192,2.88846,1.801188,2
3,0.208111,2.97302,1.795553,2
3,0.214204,3.06005,1.789768,2
3,0.220475,3.14964,1.783830,2
3,0.226929,3.24184,1.777736,2
3,0.233572,3.33674,1.771481,2
3,0.24041,3.43443,1.765064,2
3,0.247448,3.53497,1.758480,2
3,0.254692,3.63845,1.751726,2
3,0.262148,3.74497,1.744800,2
3,0.269822,3.8546,1.737697,2
3,0.277721,3.96745,1.730415,2
3,0.285851,4.08359,1.722951,2
3,0.29422,4.20314,1.715302,2
3,0.302833,4.32618,1.707463,2
3,0.311698,4.45283,1.699433,2
3,0.320823,4.58319,1.691208,2
3,0.330215,4.71736,1.682786,2
3,0.339882,4.85546,1.674164,2
3,0.349832,4.9976,1.665339,2
3,0.360073,5.1439,1.656308,2
3,0.370614,5.29449,1.647070,2
3,0.381464,5.44949,1.637621,2
3,0.392631,5.60902,1.627960,2
3,0.404126,5.77322,1.618085,2
3,0.415956,5.94223,1.607994,2
3,0.428133,6.11619,1.597685,2
3,0.440667,6.29524,1.587157,2
3,0.453567,6.47953,1.576408,2
3,0.466845,6.66922,1.565438,2
3,0.480512,6.86446,1.554247,2
3,0.494579,7.06541,1.542832,2
3,0.509058,7.27225,1.531195,2
3,0.52396,7.48514,1.519335,2
3,0.539299,7.70427,1.507252,2
3,0.555087,7.92981,1.494948,2
3,0.571337,8.16195,1.482423,2
3,0.588063,8.40089,1.469679,2
3,0.605278,8.64683,1.456717,2
3,0.622997,8.89996,1.443539,2
3,0.641235,9.16051,1.430148,2
3,0.660008,9.42868,1.416546,2
3,0.679329,9.7047,1.402736,2
3,0.699216,9.9888,1.388723,2
3,0.719686,10.2812,1.374509,2
3,0.740754,10.5822,1.360100,2
3,0.76244,10.892,1.345499,2
3,0.78476,11.2109,1.330712,2
3,0.807734,11.5391,1.315745,2
3,0.83138,11.8769,1.300602,2
3,0.855718,12.2245,1.285291,2
3,0.880769,12.5824,1.269818,2
3,0.906554,12.9508,1.254191,2
3,0.933093,13.3299,1.238416,2
3,0.960409,13.7201,1.222500,2
3,0.988525,14.1218,1.206454,2
3,1.01746,14.5352,1.190284,2
3,1.04725,14.9607,1.173999,2
3,1.07791,15.3987,1.157609,2
3,1.10946,15.8495,1.141122,2
3,1.14194,16.3135,1.124549,2
3,1.17537,16.791,1.107898,2
3,1.20978,17.2826,1.091181,2
3,1.2452,17.7885,1.074407,2
3,1.28165,18.3093,1.057586,2
3,1.31917,18.8453,1.040729,2
3,1.35779,19.397,1.023846,2
3,1.39754,19.9648,1.006948,2
3,1.43845,20.5493,0.990046,2
3,1.48056,21.1509,0.973151,2
3,1.5239,21.77,0.956272,2
3,1.56852,22.4074,0.939420,2
3,1.61443,23.0633,0.922607,2
3,1.6617,23.7385,0.905842,2
3,1.71034,24.4334,0.889136,2
3,1.76041,25.1487,0.872498,2
3,1.81195,25.8849,0.855940,2
3,1.86499,26.6427,0.839470,2
3,1.91959,27.4227,0.823098,2
3,1.97578,28.2255,0.806833,2
3,2.03362,29.0518,0.790684,2
3,2.09316,29.9023,0.774660,2
3,2.15443,30.7776,0.758769,2
3,2.21751,31.6786,0.743020,2
3,2.28242,32.606,0.727419,2
3,2.34924,33.5606,0.711974,2
3,2.41801,34.543,0.696693,2
3,2.4888,35.5543,0.681581,2
3,2.56166,36.5951,0.666645,2
3,2.63665,37.6664,0.651891,2
3,2.71384,38.7691,0.637324,2
3,2.79329,39.9041,0.622949,2
3,2.87506,41.0723,0.608771,2
3,2.95922,42.2746,0.594793,2
3,3.04586,43.5122,0.581020,2
3,3.13502,44.786,0.567456,2
3,3.2268,46.0971,0.554102,2
3,3.32126,47.4466,0.540963,2
3,3.41849,48.8356,0.528039,2
3,3.51857,50.2653,0.515334,2
3,3.62157,51.7368,0.502848,2
3,3.72759,53.2513,0.490583,2
3,3.83672,54.8103,0.478540,2
3,3.94904,56.4148,0.466720,2
3,4.06464,58.0663,0.455122,2
3,4.18364,59.7662,0.443747,2
3,4.30611,61.5159,0.432595,2
3,4.43217,63.3167,0.421664,2
3,4.56192,65.1703,0.410955,2
3,4.69547,67.0782,0.400466,2
3,4.83293,69.0419,0.390196,2
3,4.97441,71.063,0.380143,2
3,5.12004,73.1434,0.370306,2
3,5.26993,75.2847,0.360683,2
3,5.4242,77.4886,0.351272,2
3,5.58299,79.7571,0.342071,2
3,5.74643,82.0919,0.333077,2
3,5.91466,84.4952,0.324288,2
3,6.08781,86.9687,0.315702,2
3,6.26603,89.5147,0.307315,2
3,6.44947,92.1352,0.299125,2
3,6.63827,94.8325,0.291129,2
3,6.83261,97.6087,0.283325,2
3,7.03263,100.466,0.275708,2
3,7.23851,103.407,0.268277,2
3,7.45041,106.434,0.261027,2
3,7.66852,109.55,0.253956,2
3,7.89302,112.757,0.247061,2
3,8.12408,116.058,0.240337,2
3,8.36192,119.456,0.233783,2
3,8.60671,122.953,0.227395,2
3,8.85867,126.552,0.221169,2
3,9.118,130.257,0.215103,2
3,9.38493,134.07,0.209192,2
3,9.65967,137.995,0.203434,2
3,9.94246,142.035,0.197825,2
3,10.2335,146.193,0.192363,2
3,10.5331,150.473,0.187044,2
3,10.8415,154.878,0.181864,2
3,11.1588,159.412,0.176822,2
3,11.4855,164.079,0.171913,2
3,11.8217,168.882,0.167134,2
3,12.1678,173.826,0.162483,2
3,12.524,178.915,0.157956,2
3,12.8907,184.153,0.153551,2
3,13.268,189.544,0.149264,2
3,13.6565,195.092,0.145094,2
3,14.0563,200.804,0.141036,2
3,14.4678,206.682,0.137088,2
3,14.8913,212.733,0.133247,2
3,15.3272,218.96,0.129511,2
3,15.7759,225.37,0.125878,2
3,16.2378,231.968,0.122343,2
3,16.7131,238.759,0.118906,2
3,17.2024,245.749,0.115563,2
3,17.706,252.943,0.112312,2
3,18.2243,260.348,0.109151,2
3,18.7578,267.969,0.106077,2
3,19.307,275.814,0.103088,2
3,19.8722,283.888,0.100182,2
3,20.4539,292.199,0.097357,2
3,21.0527,300.753,0.094610,2
3,21.669,309.558,0.091939,2
3,22.3034,318.62,0.089343,2
3,22.9563,327.947,0.086819,2
3,23.6284,337.548,0.084365,2
3,24.3201,347.43,0.081980,2
3,25.032,357.601,0.079662,2
3,25.7648,368.069,0.077409,2
3,26.5191,378.844,0.075218,2
3,27.2954,389.935,0.073089,2
3,28.0945,401.35,0.071020,2
3,28.917,413.1,0.069009,2
3,29.7635,425.193,0.067055,2
3,30.6348,437.64,0.065155,2
3,31.5317,450.452,0.063309,2
3,32.4547,463.639,0.061514,2
3,33.4048,477.212,0.059770,2
3,34.3828,491.182,0.058076,2
3,35.3893,505.562,0.056429,2
3,36.4253,520.362,0.054828,2
3,37.4917,535.595,0.053273,2
3,38.5892,551.275,0.051762,2
3,39.7189,567.413,0.050293,2
3,40.8817,584.024,0.048866,2
3,42.0785,601.121,0.047479,2
3,43.3103,618.719,0.046131,2
3,44.5782,636.832,0.044822,2
3,45.8832,655.475,0.043549,2
3,47.2265,674.664,0.042313,2
3,48.609,694.414,0.041111,2
3,50.032,714.743,0.039944,2
3,51.4967,735.667,0.038809,2
3,53.0043,757.204,0.037707,2
3,54.5559,779.371,0.036636,2
3,56.1531,802.187,0.035595,2
3,57.7969,825.67,0.034584,2
3,59.4889,849.842,0.033601,2
3,61.2304,874.721,0.032647,2
3,63.023,900.328,0.031719,2
3,64.8679,926.685,0.030818,2
3,66.7669,953.813,0.029942,2
3,68.7215,981.736,0.029091,2
3,70.7333,1010.48,0.028264,2
3,72.804,1040.06,0.027461,2
3,74.9353,1070.5,0.026680,2
3,77.1291,1101.84,0.025922,2
3,79.387,1134.1,0.025185,2
3,81.711,1167.3,0.024469,2
3,84.1031,1201.47,0.023774,2
3,86.5652,1236.65,0.023098,2
3,89.0994,1272.85,0.022441,2
3,91.7077,1310.11,0.021803,2
3,94.3925,1348.46,0.021183,2
3,97.1558,1387.94,0.020581,2
3,100,1428.57,0.019996,2
4,0.001,0.0142857,2.999000,3
4,0.00102927,0.0147039,2.998971,3
4,0.00105941,0.0151344,2.998941,3
4,0.00109042,0.0155774,2.998910,3
4,0.00112234,0.0160335,2.998878,3
4,0.0011552,0.0165028,2.998845,3
4,0.00118902,0.016986,2.998811,3
4,0.00122382,0.0174832,2.998776,3
4,0.00125965,0.017995,2.998740,3
4,0.00129653,0.0185218,2.998703,3
4,0.00133448,0.0190641,2.998666,3
4,0.00137355,0.0196221,2.998626,3
4,0.00141376,0.0201966,2.998586,3
4,0.00145515,0.0207878,2.998545,3
4,0.00149775,0.0213964,2.998502,3
4,0.00154159,0.0220228,2.998458,3
4,0.00158672,0.0226675,2.998413,3
4,0.00163317,0.0233311,2.998367,3
4,0.00168099,0.0240141,2.998319,3
4,0.0017302,0.0247171,2.998270,3
4,0.00178085,0.0254407,2.998219,3
4,0.00183298,0.0261854,2.998167,3
4,0.00188664,0.026952,2.998113,3
4,0.00194187,0.027741,2.998058,3
4,0.00199872,0.0285531,2.998001,3
4,0.00205723,0.029389,2.997943,3
4,0.00211746,0.0302494,2.997883,3
4,0.00217944,0.0311349,2.997821,3
4,0.00224325,0.0320464,2.997757,3
4,0.00230892,0.0329845,2.997691,3
4,0.00237651,0.0339502,2.997623,3
4,0.00244608,0.034944,2.997554,3
4,0.00251769,0.035967,2.997482,3
4,0.0025914,0.0370199,2.997409,3
4,0.00266726,0.0381037,2.997333,3
4,0.00274534,0.0392192,2.997255,3
4,0.00282571,0.0403673,2.997174,3
4,0.00290843,0.0415491,2.997092,3
4,0.00299358,0.0427654,2.997006,3
4,0.00308121,0.0440173,2.996919,3
4,0.00317142,0.0453059,2.996829,3
4,0.00326426,0.0466323,2.996736,3
4,0.00335982,0.0479974,2.996640,3
4,0.00345818,0.0494025,2.996542,3
4,0.00355941,0.0508488,2.996441,3
4,0.00366361,0.0523374,2.996336,3
4,0.00377087,0.0538695,2.996229,3
4,0.00388126,0.0554465,2.996119,3
4,0.00399488,0.0570697,2.996005,3
4,0.00411183,0.0587404,2.995888,3
4,0.0042322,0.06046,2.995768,3
4,0.0043561,0.06223,2.995644,3
4,0.00448362,0.0640518,2.995516,3
4,0.00461488,0.0659269,2.995385,3
4,0.00474998,0.0678568,2.995250,3
4,0.00488903,0.0698433,2.995111,3
4,0.00503216,0.071888,2.994968,3
4,0.00517947,0.0739925,2.994821,3
4,0.0053311,0.0761586,2.994669,3
4,0.00548717,0.0783881,2.994513,3
4,0.00564781,0.0806829,2.994352,3
4,0.00581314,0.0830449,2.994187,3
4,0.00598332,0.085476,2.994017,3
4,0.00615848,0.0879783,2.993842,3
4,0.00633877,0.0905539,2.993661,3
4,0.00652434,0.0932048,2.993476,3
4,0.00671533,0.0959334,2.993285,3
4,0.00691192,0.0987418,2.993088,3
4,0.00711427,0.101632,2.992886,3
4,0.00732254,0.104608,2.992677,3
4,0.0075369,0.10767,2.992463,3
4,0.00775755,0.110822,2.992242,3
4,0.00798465,0.114066,2.992015,3
4,0.00821839,0.117406,2.991782,3
4,0.00845899,0.120843,2.991541,3
4,0.00870662,0.12438,2.991293,3
4,0.00896151,0.128022,2.991038,3
4,0.00922385,0.131769,2.990776,3
4,0.00949388,0.135627,2.990506,3
4,0.00977181,0.139597,2.990228,3
4,0.0100579,0.143684,2.989942,3
4,0.0103523,0.14789,2.989648,3
4,0.0106554,0.15222,2.989345,3
4,0.0109673,0.156676,2.989033,3
4,0.0112884,0.161263,2.988712,3
4,0.0116188,0.165983,2.988381,3
4,0.011959,0.170843,2.988041,3
4,0.0123091,0.175844,2.987691,3
4,0.0126694,0.180992,2.987331,3
4,0.0130403,0.18629,2.986960,3
4,0.0134221,0.191744,2.986578,3
4,0.013815,0.197357,2.986185,3
4,0.0142194,0.203135,2.985781,3
4,0.0146357,0.209081,2.985364,3
4,0.0150642,0.215202,2.984936,3
4,0.0155052,0.221502,2.984495,3
4,0.0159591,0.227987,2.984041,3
4,0.0164263,0.234661,2.983574,3
4,0.0169071,0.241531,2.983093,3
4,0.0174021,0.248601,2.982598,3
4,0.0179115,0.255879,2.982088,3
4,0.0184359,0.26337,2.981564,3
4,0.0189756,0.27108,2.981024,3
4,0.0195311,0.279016,2.980469,3
4,0.0201029,0.287184,2.979897,3
4,0.0206914,0.295591,2.979309,3
4,0.0212971,0.304245,2.978703,3
4,0.0219206,0.313151,2.978079,3
4,0.0225623,0.322319,2.977438,3
4,0.0232228,0.331754,2.976777,3
4,0.0239027,0.341466,2.976097,3
4,0.0246024,0.351463,2.975398,3
4,0.0253226,0.361752,2.974677,3
4,0.0260639,0.372342,2.973936,3
4,0.026827,0.383242,2.973173,3
4,0.0276123,0.394462,2.972388,3
4,0.0284207,0.406009,2.971579,3
4,0.0292527,0.417895,2.970747,3
4,0.030109,0.430129,2.969891,3
4,0.0309905,0.442721,2.969010,3
4,0.0318977,0.455681,2.968102,3
4,0.0328315,0.469021,2.967169,3
4,0.0337926,0.482752,2.966208,3
4,0.0347819,0.496884,2.965218,3
4,0.0358001,0.511431,2.964200,3
4,0.0368482,0.526403,2.963152,3
4,0.0379269,0.541813,2.962073,3
4,0.0390372,0.557674,2.960963,3
4,0.04018,0.574,2.959820,3
4,0.0413563,0.590804,2.958644,3
4,0.042567,0.608099,2.957434,3
4,0.0438131,0.625901,2.956187,3
4,0.0450957,0.644225,2.954905,3
4,0.0464159,0.663084,2.953585,3
4,0.0477747,0.682496,2.952226,3
4,0.0491733,0.702476,2.950828,3
4,0.0506128,0.72304,2.949388,3
4,0.0520945,0.744207,2.947907,3
4,0.0536196,0.765994,2.946382,3
4,0.0551893,0.788418,2.944812,3
4,0.0568049,0.811499,2.943197,3
4,0.0584679,0.835255,2.941534,3
4,0.0601795,0.859707,2.939823,3
4,0.0619412,0.884875,2.938061,3
4,0.0637546,0.910779,2.936248,3
4,0.065621,0.937442,2.934382,3
4,0.067542,0.964886,2.932461,3
4,0.0695193,0.993133,2.930484,3
4,0.0715544,1.02221,2.928450,3
4,0.0736492,1.05213,2.926355,3
4,0.0758052,1.08293,2.924200,3
4,0.0780244,1.11463,2.921981,3
4,0.0803086,1.14727,2.919698,3
4,0.0826596,1.18085,2.917348,3
4,0.0850794,1.21542,2.914929,3
4,0.0875701,1.251,2.912439,3
4,0.0901337,1.28762,2.909876,3
4,0.0927723,1.32532,2.907239,3
4,0.0954882,1.36412,2.904524,3
4,0.0982836,1.40405,2.901730,3
4,0.101161,1.44516,2.898855,3
4,0.104122,1.48746,2.895895,3
4,0.10717,1.53101,2.892849,3
4,0.110308,1.57583,2.889714,3
4,0.113537,1.62196,2.886488,3
4,0.116861,1.66944,2.883167,3
4,0.120282,1.71831,2.879749,3
4,0.123803,1.76862,2.876231,3
4,0.127427,1.82039,2.872611,3
4,0.131158,1.87368,2.868885,3
4,0.134998,1.92854,2.865051,3
4,0.13895,1.98499,2.861105,3
4,0.143017,2.0431,2.857043,3
4,0.147204,2.10292,2.852863,3
4,0.151513,2.16448,2.848562,3
4,0.155949,2.22784,2.844135,3
4,0.160514,2.29306,2.839580,3
4,0.165213,2.36019,2.834892,3
4,0.17005,2.42928,2.830068,3
4,0.175028,2.5004,2.825103,3
4,0.180152,2.5736,2.819995,3
4,0.185426,2.64894,2.814738,3
4,0.190854,2.72649,2.809329,3
4,0.196441,2.80631,2.803763,3
4,0.202192,2.88846,2.798035,3
4,0.208111,2.97302,2.792143,3
4,0.214204,3.06005,2.786079,3
4,0.220475,3.14964,2.779841,3
4,0.226929,3.24184,2.773423,3
4,0.233572,3.33674,2.766821,3
4,0.24041,3.43443,2.760028,3
4,0.247448,3.53497,2.753040,3
4,0.254692,3.63845,2.745852,3
4,0.262148,3.74497,2.738458,3
4,0.269822,3.8546,2.730852,3
4,0.277721,3.96745,2.723030,3
4,0.285851,4.08359,2.714985,3
4,0.29422,4.20314,2.706711,3
4,0.302833,4.32618,2.698203,3
4,0.311698,4.45283,2.689454,3
4,0.320823,4.58319,2.680458,3
4,0.330215,4.71736,2.671210,3
4,0.339882,4.85546,2.661702,3
4,0.349832,4.9976,2.651928,3
4,0.360073,5.1439,2.641882,3
4,0.370614,5.29449,2.631557,3
4,0.381464,5.44949,2.620947,3
4,0.392631,5.60902,2.610045,3
4,0.404126,5.77322,2.598844,3
4,0.415956,5.94223,2.587338,3
4,0.428133,6.11619,2.575520,3
4,0.440667,6.29524,2.563383,3
4,0.453567,6.47953,2.550920,3
4,0.466845,6.66922,2.538125,3
4,0.480512,6.86446,2.524992,3
4,0.494579,7.06541,2.511513,3
4,0.509058,7.27225,2.497682,3
4,0.52396,7.48514,2.483494,3
4,0.539299,7.70427,2.468942,3
4,0.555087,7.92981,2.454019,3
4,0.571337,8.16195,2.438721,3
4,0.588063,8.40089,2.423042,3
4,0.605278,8.64683,2.406977,3
4,0.622997,8.89996,2.390520,3
4,0.641235,9.16051,2.373668,3
4,0.660008,9.42868,2.356415,3
4,0.679329,9.7047,2.338759,3
4,0.699216,9.9888,2.320696,3
4,0.719686,10.2812,2.302223,3
4,0.740754,10.5822,2.283338,3
4,0.76244,10.892,2.264040,3
4,0.78476,11.2109,2.244326,3
4,0.807734,11.5391,2.224198,3
4,0.83138,11.8769,2.203655,3
4,0.855718,12.2245,2.182698,3
4,0.880769,12.5824,2.161329,3
4,0.906554,12.9508,2.139551,3
4,0.933093,13.3299,2.117367,3
4,0.960409,13.7201,2.094782,3
4,0.988525,14.1218,2.071802,3
4,1.01746,14.5352,2.048432,3
4,1.04725,14.9607,2.024680,3
4,1.07791,15.3987,2.000554,3
4,1.10946,15.8495,1.976065,3
4,1.14194,16.3135,1.951221,3
4,1.17537,16.791,1.926035,3
4,1.20978,17.2826,1.900520,3
4,1.2452,17.7885,1.874688,3
4,1.28165,18.3093,1.848554,3
4,1.31917,18.8453,1.822134,3
4,1.35779,19.397,1.795445,3
4,1.39754,19.9648,1.768504,3
4,1.43845,20.5493,1.741329,3
4,1.48056,21.1509,1.713940,3
4,1.5239,21.77,1.686356,3
4,1.56852,22.4074,1.658600,3
4,1.61443,23.0633,1.630691,3
4,1.6617,23.7385,1.602654,3
4,1.71034,24.4334,1.574509,3
4,1.76041,25.1487,1.546280,3
4,1.81195,25.8849,1.517991,3
4,1.86499,26.6427,1.489666,3
4,1.91959,27.4227,1.461328,3
4,1.97578,28.2255,1.433002,3
4,2.03362,29.0518,1.404712,3
4,2.09316,29.9023,1.376481,3
4,2.15443,30.7776,1.348334,3
4,2.21751,31.6786,1.320294,3
4,2.28242,32.606,1.292385,3
4,2.34924,33.5606,1.264628,3
4,2.41801,34.543,1.237046,3
4,2.4888,35.5543,1.209660,3
4,2.56166,36.5951,1.182492,3
4,2.63665,37.6664,1.155561,3
4,2.71384,38.7691,1.128887,3
4,2.79329,39.9041,1.102488,3
4,2.87506,41.0723,1.076382,3
4,2.95922,42.2746,1.050584,3
4,3.04586,43.5122,1.025111,3
4,3.13502,44.786,0.999976,3
4,3.2268,46.0971,0.975194,3
4,3.32126,47.4466,0.950776,3
4,3.41849,48.8356,0.926734,3
4,3.51857,50.2653,0.903077,3
4,3.62157,51.7368,0.879815,3
4,3.72759,53.2513,0.856956,3
4,3.83672,54.8103,0.834507,3
4,3.94904,56.4148,0.812474,3
4,4.06464,58.0663,0.790861,3
4,4.18364,59.7662,0.769672,3
4,4.30611,61.5159,0.748912,3
4,4.43217,63.3167,0.728581,3
4,4.56192,65.1703,0.708681,3
4,4.69547,67.0782,0.689213,3
4,4.83293,69.0419,0.670176,3
4,4.97441,71.063,0.651569,3
4,5.12004,73.1434,0.633390,3
4,5.26993,75.2847,0.615637,3
4,5.4242,77.4886,0.598307,3
4,5.58299,79.7571,0.581397,3
4,5.74643,82.0919,0.564902,3
4,5.91466,84.4952,0.548818,3
4,6.08781,86.9687,0.533139,3
4,6.26603,89.5147,0.517862,3
4,6.44947,92.1352,0.502978,3
4,6.63827,94.8325,0.488484,3
4,6.83261,97.6087,0.474372,3
4,7.03263,100.466,0.460637,3
4,7.23851,103.407,0.447270,3
4,7.45041,106.434,0.434266,3
4,7.66852,109.55,0.421617,3
4,7.89302,112.757,0.409316,3
4,8.12408,116.058,0.397356,3
4,8.36192,119.456,0.385730,3
4,8.60671,122.953,0.374430,3
4,8.85867,126.552,0.363449,3
4,9.118,130.257,0.352779,3
4,9.38493,134.07,0.342414,3
4,9.65967,137.995,0.332345,3
4,9.94246,142.035,0.322566,3
4,10.2335,146.193,0.313069,3
4,10.5331,150.473,0.303847,3
4,10.8415,154.878,0.294893,3
4,11.1588,159.412,0.286200,3
4,11.4855,164.079,0.277761,3
4,11.8217,168.882,0.269569,3
4,12.1678,173.826,0.261618,3
4,12.524,178.915,0.253901,3
4,12.8907,184.153,0.246411,3
4,13.268,189.544,0.239143,3
4,13.6565,195.092,0.232089,3
4,14.0563,200.804,0.225245,3
4,14.4678,206.682,0.218603,3
4,14.8913,212.733,0.212158,3
4,15.3272,218.96,0.205906,3
4,15.7759,225.37,0.199839,3
4,16.2378,231.968,0.193952,3
4,16.7131,238.759,0.188241,3
4,17.2024,245.749,0.182700,3
4,17.706,252.943,0.177324,3
4,18.2243,260.348,0.172108,3
4,18.7578,267.969,0.167048,3
4,19.307,275.814,0.162139,3
4,19.8722,283.888,0.157376,3
4,20.4539,292.199,0.152755,3
4,21.0527,300.753,0.148272,3
4,21.669,309.558,0.143923,3
4,22.3034,318.62,0.139703,3
4,22.9563,327.947,0.135609,3
4,23.6284,337.548,0.131636,3
4,24.3201,347.43,0.127783,3
4,25.032,357.601,0.124043,3
4,25.7648,368.069,0.120416,3
4,26.5191,378.844,0.116896,3
4,27.2954,389.935,0.113480,3
4,28.0945,401.35,0.110166,3
4,28.917,413.1,0.106951,3
4,29.7635,425.193,0.103831,3
4,30.6348,437.64,0.100803,3
4,31.5317,450.452,0.097866,3
4,32.4547,463.639,0.095015,3
4,33.4048,477.212,0.092249,3
4,34.3828,491.182,0.089564,3
4,35.3893,505.562,0.086959,3
4,36.4253,520.362,0.084431,3
4,37.4917,535.595,0.081978,3
4,38.5892,551.275,0.079597,3
4,39.7189,567.413,0.077286,3
4,40.8817,584.024,0.075043,3
4,42.0785,601.121,0.072866,3
4,43.3103,618.719,0.070754,3
4,44.5782,636.832,0.068704,3
4,45.8832,655.475,0.066713,3
4,47.2265,674.664,0.064782,3
4,48.609,694.414,0.062907,3
4,50.032,714.743,0.061087,3
4,51.4967,735.667,0.059320,3
4,53.0043,757.204,0.057606,3
4,54.5559,779.371,0.055941,3
4,56.1531,802.187,0.054325,3
4,57.7969,825.67,0.052757,3
4,59.4889,849.842,0.051234,3
4,61.2304,874.721,0.049756,3
4,63.023,900.328,0.048321,3
4,64.8679,926.685,0.046927,3
4,66.7669,953.813,0.045575,3
4,68.7215,981.736,0.044262,3
4,70.7333,1010.48,0.042987,3
4,72.804,1040.06,0.041749,3
4,74.9353,1070.5,0.040547,3
4,77.1291,1101.84,0.039380,3
4,79.387,1134.1,0.038247,3
4,81.711,1167.3,0.037147,3
4,84.1031,1201.47,0.036079,3
4,86.5652,1236.65,0.035042,3
4,89.0994,1272.85,0.034035,3
4,91.7077,1310.11,0.033058,3
4,94.3925,1348.46,0.032108,3
4,97.1558,1387.94,0.031186,3
4,100,1428.57,0.030291,3
5,0.001,0.0142857,3.999000,4
5,0.00102927,0.0147039,3.998971,4
5,0.00105941,0.0151344,3.998941,4
5,0.00109042,0.0155774,3.998910,4
5,0.00112234,0.0160335,3.998878,4
5,0.0011552,0.0165028,3.998845,4
5,0.00118902,0.016986,3.998811,4
5,0.00122382,0.0174832,3.998776,4
5,0.00125965,0.017995,3.998740,4
5,0.00129653,0.0185218,3.998703,4
5,0.00133448,0.0190641,3.998666,4
5,0.00137355,0.0196221,3.998626,4
5,0.00141376,0.0201966,3.998586,4
5,0.00145515,0.0207878,3.998545,4
5,0.00149775,0.0213964,3.998502,4
5,0.00154159,0.0220228,3.998458,4
5,0.00158672,0.0226675,3.998413,4
5,0.00163317,0.0233311,3.998367,4
5,0.00168099,0.0240141,3.998319,4
5,0.0017302,0.0247171,3.998270,4
5,0.00178085,0.0254407,3.998219,4
5,0.00183298,0.0261854,3.998167,4
5,0.00188664,0.026952,3.998113,4
5,0.00194187,0.027741,3.998058,4
5,0.00199872,0.0285531,3.998001,4
5,0.00205723,0.029389,3.997943,4
5,0.00211746,0.0302494,3.997883,4
5,0.00217944,0.0311349,3.997821,4
5,0.00224325,0.0320464,3.997757,4
5,0.00230892,0.0329845,3.997691,4
5,0.00237651,0.0339502,3.997623,4
5,0.00244608,0.034944,3.997554,4
5,0.00251769,0.035967,3.997482,4
5,0.0025914,0.0370199,3.997409,4
5,0.00266726,0.0381037,3.997333,4
5,0.00274534,0.0392192,3.997255,4
5,0.00282571,0.0403673,3.997174,4
5,0.00290843,0.0415491,3.997092,4
5,0.00299358,0.0427654,3.997006,4
5,0.00308121,0.0440173,3.996919,4
5,0.00317142,0.0453059,3.996829,4
5,0.00326426,0.0466323,3.996736,4
5,0.00335982,0.0479974,3.996640,4
5,0.00345818,0.0494025,3.996542,4
5,0.00355941,0.0508488,3.996441,4
5,0.00366361,0.0523374,3.996336,4
5,0.00377087,0.0538695,3.996229,4
5,0.00388126,0.0554465,3.996119,4
5,0.00399488,0.0570697,3.996005,4
5,0.00411183,0.0587404,3.995888,4
5,0.0042322,0.06046,3.995768,4
5,0.0043561,0.06223,3.995644,4
5,0.00448362,0.0640518,3.995516,4
5,0.00461488,0.0659269,3.995385,4
5,0.00474998,0.0678568,3.995250,4
5,0.00488903,0.0698433,3.995111,4
5,0.00503216,0.071888,3.994968,4
5,0.00517947,0.0739925,3.994821,4
5,0.0053311,0.0761586,3.994669,4
5,0.00548717,0.0783881,3.994513,4
5,0.00564781,0.0806829,3.994352,4
5,0.00581314,0.0830449,3.994187,4
5,0.00598332,0.085476,3.994017,4
5,0.00615848,0.0879783,3.993842,4
5,0.00633877,0.0905539,3.993661,4
5,0.00652434,0.0932048,3.993476,4
5,0.00671533,0.0959334,3.993285,4
5,0.00691192,0.0987418,3.993088,4
5,0.00711427,0.101632,3.992886,4
5,0.00732254,0.104608,3.992677,4
5,0.0075369,0.10767,3.992463,4
5,0.00775755,0.110822,3.992242,4
5,0.00798465,0.114066,3.992015,4
5,0.00821839,0.117406,3.991782,4
5,0.00845899,0.120843,3.991541,4
5,0.00870662,0.12438,3.991293,4
5,0.00896151,0.128022,3.991038,4
5,0.00922385,0.131769,3.990776,4
5,0.00949388,0.135627,3.990506,4
5,0.00977181,0.139597,3.990228,4
5,0.0100579,0.143684,3.989942,4
5,0.0103523,0.14789,3.989648,4
5,0.0106554,0.15222,3.989345,4
5,0.0109673,0.156676,3.989033,4
5,0.0112884,0.161263,3.988712,4
5,0.0116188,0.165983,3.988381,4
5,0.011959,0.170843,3.988041,4
5,0.0123091,0.175844,3.987691,4
5,0.0126694,0.180992,3.987331,4
5,0.0130403,0.18629,3.986960,4
5,0.0134221,0.191744,3.986578,4
5,0.013815,0.197357,3.986185,4
5,0.0142194,0.203135,3.985781,4
5,0.0146357,0.209081,3.985364,4
5,0.0150642,0.215202,3.984936,4
5,0.0155052,0.221502,3.984495,4
5,0.0159591,0.227987,3.984041,4
5,0.0164263,0.234661,3.983574,4
5,0.0169071,0.241531,3.983093,4
5,0.0174021,0.248601,3.982598,4
5,0.0179115,0.255879,3.982088,4
5,0.0184359,0.26337,3.981564,4
5,0.0189756,0.27108,3.981024,4
5,0.0195311,0.279016,3.980469,4
5,0.0201029,0.287184,3.979897,4
5,0.0206914,0.295591,3.979309,4
5,0.0212971,0.304245,3.978703,4
5,0.0219206,0.313151,3.978079,4
5,0.0225623,0.322319,3.977438,4
5,0.0232228,0.331754,3.976777,4
5,0.0239027,0.341466,3.976097,4
5,0.0246024,0.351463,3.975398,4
5,0.0253226,0.361752,3.974677,4
5,0.0260639,0.372342,3.973936,4
5,0.026827,0.383242,3.973173,4
5,0.0276123,0.394462,3.972388,4
5,0.0284207,0.406009,3.971579,4
5,0.0292527,0.417895,3.970747,4
5,0.030109,0.430129,3.969891,4
5,0.0309905,0.442721,3.969010,4
5,0.0318977,0.455681,3.968102,4
5,0.0328315,0.469021,3.967169,4
5,0.0337926,0.482752,3.966207,4
5,0.0347819,0.496884,3.965218,4
5,0.0358001,0.511431,3.964200,4
5,0.0368482,0.526403,3.963152,4
5,0.0379269,0.541813,3.962073,4
5,0.0390372,0.557674,3.960963,4
5,0.04018,0.574,3.959820,4
5,0.0413563,0.590804,3.958644,4
5,0.042567,0.608099,3.957433,4
5,0.0438131,0.625901,3.956187,4
5,0.0450957,0.644225,3.954904,4
5,0.0464159,0.663084,3.953584,4
5,0.0477747,0.682496,3.952225,4
5,0.0491733,0.702476,3.950827,4
5,0.0506128,0.72304,3.949387,4
5,0.0520945,0.744207,3.947906,4
5,0.0536196,0.765994,3.946380,4
5,0.0551893,0.788418,3.944811,4
5,0.0568049,0.811499,3.943195,4
5,0.0584679,0.835255,3.941532,4
5,0.0601795,0.859707,3.939821,4
5,0.0619412,0.884875,3.938059,4
5,0.0637546,0.910779,3.936245,4
5,0.065621,0.937442,3.934379,4
5,0.067542,0.964886,3.932458,4
5,0.0695193,0.993133,3.930481,4
5,0.0715544,1.02221,3.928446,4
5,0.0736492,1.05213,3.926351,4
5,0.0758052,1.08293,3.924195,4
5,0.0780244,1.11463,3.921976,4
5,0.0803086,1.14727,3.919692,4
5,0.0826596,1.18085,3.917341,4
5,0.0850794,1.21542,3.914921,4
5,0.0875701,1.251,3.912430,4
5,0.0901337,1.28762,3.909867,4
5,0.0927723,1.32532,3.907228,4
5,0.0954882,1.36412,3.904512,4
5,0.0982836,1.40405,3.901717,4
5,0.101161,1.44516,3.898840,4
5,0.104122,1.48746,3.895878,4
5,0.10717,1.53101,3.892830,4
5,0.110308,1.57583,3.889693,4
5,0.113537,1.62196,3.886464,4
5,0.116861,1.66944,3.883140,4
5,0.120282,1.71831,3.879719,4
5,0.123803,1.76862,3.876198,4
5,0.127427,1.82039,3.872574,4
5,0.131158,1.87368,3.868844,4
5,0.134998,1.92854,3.865004,4
5,0.13895,1.98499,3.861052,4
5,0.143017,2.0431,3.856985,4
5,0.147204,2.10292,3.852798,4
5,0.151513,2.16448,3.848489,4
5,0.155949,2.22784,3.844054,4
5,0.160514,2.29306,3.839489,4
5,0.165213,2.36019,3.834791,4
5,0.17005,2.42928,3.829955,4
5,0.175028,2.5004,3.824978,4
5,0.180152,2.5736,3.819855,4
5,0.185426,2.64894,3.814582,4
5,0.190854,2.72649,3.809155,4
5,0.196441,2.80631,3.803569,4
5,0.202192,2.88846,3.797819,4
5,0.208111,2.97302,3.791902,4
5,0.214204,3.06005,3.785811,4
5,0.220475,3.14964,3.779543,4
5,0.226929,3.24184,3.773091,4
5,0.233572,3.33674,3.766451,4
5,0.24041,3.43443,3.759616,4
5,0.247448,3.53497,3.752582,4
5,0.254692,3.63845,3.745343,4
5,0.262148,3.74497,3.737892,4
5,0.269822,3.8546,3.730223,4
5,0.277721,3.96745,3.722331,4
5,0.285851,4.08359,3.714208,4
5,0.29422,4.20314,3.705849,4
5,0.302833,4.32618,3.697246,4
5,0.311698,4.45283,3.688392,4
5,0.320823,4.58319,3.679280,4
5,0.330215,4.71736,3.669902,4
5,0.339882,4.85546,3.660252,4
5,0.349832,4.9976,3.650322,4
5,0.360073,5.1439,3.640103,4
5,0.370614,5.29449,3.629587,4
5,0.381464,5.44949,3.618766,4
5,0.392631,5.60902,3.607631,4
5,0.404126,5.77322,3.596174,4
5,0.415956,5.94223,3.584386,4
5,0.428133,6.11619,3.572257,4
5,0.440667,6.29524,3.559779,4
5,0.453567,6.47953,3.546941,4
5,0.466845,6.66922,3.533734,4
5,0.480512,6.86446,3.520148,4
5,0.494579,7.06541,3.506173,4
5,0.509058,7.27225,3.491799,4
5,0.52396,7.48514,3.477014,4
5,0.539299,7.70427,3.461810,4
5,0.555087,7.92981,3.446174,4
5,0.571337,8.16195,3.430096,4
5,0.588063,8.40089,3.413565,4
5,0.605278,8.64683,3.396571,4
5,0.622997,8.89996,3.379101,4
5,0.641235,9.16051,3.361145,4
5,0.660008,9.42868,3.342691,4
5,0.679329,9.7047,3.323729,4
5,0.699216,9.9888,3.304247,4
5,0.719686,10.2812,3.284235,4
5,0.740754,10.5822,3.263681,4
5,0.76244,10.892,3.242574,4
5,0.78476,11.2109,3.220905,4
5,0.807734,11.5391,3.198663,4
5,0.83138,11.8769,3.175839,4
5,0.855718,12.2245,3.152422,4
5,0.880769,12.5824,3.128404,4
5,0.906554,12.9508,3.103776,4
5,0.933093,13.3299,3.078531,4
5,0.960409,13.7201,3.052662,4
5,0.988525,14.1218,3.026162,4
5,1.01746,14.5352,2.999026,4
5,1.04725,14.9607,2.971250,4
5,1.07791,15.3987,2.942829,4
5,1.10946,15.8495,2.913763,4
5,1.14194,16.3135,2.884049,4
5,1.17537,16.791,2.853689,4
5,1.20978,17.2826,2.822684,4
5,1.2452,17.7885,2.791037,4
5,1.28165,18.3093,2.758754,4
5,1.31917,18.8453,2.725841,4
5,1.35779,19.397,2.692307,4
5,1.39754,19.9648,2.658163,4
5,1.43845,20.5493,2.623420,4
5,1.48056,21.1509,2.588094,4
5,1.5239,21.77,2.552200,4
5,1.56852,22.4074,2.515758,4
5,1.61443,23.0633,2.478788,4
5,1.6617,23.7385,2.441314,4
5,1.71034,24.4334,2.403360,4
5,1.76041,25.1487,2.364953,4
5,1.81195,25.8849,2.326122,4
5,1.86499,26.6427,2.286900,4
5,1.91959,27.4227,2.247318,4
5,1.97578,28.2255,2.207413,4
5,2.03362,29.0518,2.167219,4
5,2.09316,29.9023,2.126777,4
5,2.15443,30.7776,2.086125,4
5,2.21751,31.6786,2.045303,4
5,2.28242,32.606,2.004355,4
5,2.34924,33.5606,1.963323,4
5,2.41801,34.543,1.922249,4
5,2.4888,35.5543,1.881178,4
5,2.56166,36.5951,1.840154,4
5,2.63665,37.6664,1.799220,4
5,2.71384,38.7691,1.758421,4
5,2.79329,39.9041,1.717799,4
5,2.87506,41.0723,1.677396,4
5,2.95922,42.2746,1.637255,4
5,3.04586,43.5122,1.597416,4
5,3.13502,44.786,1.557918,4
5,3.2268,46.0971,1.518798,4
5,3.32126,47.4466,1.480092,4
5,3.41849,48.8356,1.441835,4
5,3.51857,50.2653,1.404059,4
5,3.62157,51.7368,1.366793,4
5,3.72759,53.2513,1.330067,4
5,3.83672,54.8103,1.293905,4
5,3.94904,56.4148,1.258332,4
5,4.06464,58.0663,1.223369,4
5,4.18364,59.7662,1.189035,4
5,4.30611,61.5159,1.155346,4
5,4.43217,63.3167,1.122318,4
5,4.56192,65.1703,1.089963,4
5,4.69547,67.0782,1.058291,4
5,4.83293,69.0419,1.027310,4
5,4.97441,71.063,0.997026,4
5,5.12004,73.1434,0.967443,4
5,5.26993,75.2847,0.938565,4
5,5.4242,77.4886,0.910391,4
5,5.58299,79.7571,0.882921,4
5,5.74643,82.0919,0.856151,4
5,5.91466,84.4952,0.830078,4
5,6.08781,86.9687,0.804697,4
5,6.26603,89.5147,0.780001,4
5,6.44947,92.1352,0.755983,4
5,6.63827,94.8325,0.732634,4
5,6.83261,97.6087,0.709944,4
5,7.03263,100.466,0.687903,4
5,7.23851,103.407,0.666501,4
5,7.45041,106.434,0.645725,4
5,7.66852,109.55,0.625564,4
5,7.89302,112.757,0.606005,4
5,8.12408,116.058,0.587036,4
5,8.36192,119.456,0.568642,4
5,8.60671,122.953,0.550811,4
5,8.85867,126.552,0.533529,4
5,9.118,130.257,0.516783,4
5,9.38493,134.07,0.500558,4
5,9.65967,137.995,0.484841,4
5,9.94246,142.035,0.469619,4
5,10.2335,146.193,0.454877,4
5,10.5331,150.473,0.440602,4
5,10.8415,154.878,0.426782,4
5,11.1588,159.412,0.413402,4
5,11.4855,164.079,0.400449,4
5,11.8217,168.882,0.387912,4
5,12.1678,173.826,0.375777,4
5,12.524,178.915,0.364031,4
5,12.8907,184.153,0.352664,4
5,13.268,189.544,0.341663,4
5,13.6565,195.092,0.331016,4
5,14.0563,200.804,0.320713,4
5,14.4678,206.682,0.310742,4
5,14.8913,212.733,0.301093,4
5,15.3272,218.96,0.291755,4
5,15.7759,225.37,0.282718,4
5,16.2378,231.968,0.273972,4
5,16.7131,238.759,0.265508,4
5,17.2024,245.749,0.257317,4
5,17.706,252.943,0.249389,4
5,18.2243,260.348,0.241716,4
5,18.7578,267.969,0.234289,4
5,19.307,275.814,0.227101,4
5,19.8722,283.888,0.220143,4
5,20.4539,292.199,0.213407,4
5,21.0527,300.753,0.206887,4
5,21.669,309.558,0.200574,4
5,22.3034,318.62,0.194463,4
5,22.9563,327.947,0.188546,4
5,23.6284,337.548,0.182817,4
5,24.3201,347.43,0.177270,4
5,25.032,357.601,0.171898,4
5,25.7648,368.069,0.166696,4
5,26.5191,378.844,0.161658,4
5,27.2954,389.935,0.156779,4
5,28.0945,401.35,0.152053,4
5,28.917,413.1,0.147476,4
5,29.7635,425.193,0.143042,4
5,30.6348,437.64,0.138747,4
5,31.5317,450.452,0.134586,4
5,32.4547,463.639,0.130554,4
5,33.4048,477.212,0.126648,4
5,34.3828,491.182,0.122864,4
5,35.3893,505.562,0.119196,4
5,36.4253,520.362,0.115643,4
5,37.4917,535.595,0.112199,4
5,38.5892,551.275,0.108861,4
5,39.7189,567.413,0.105626,4
5,40.8817,584.024,0.102491,4
5,42.0785,601.121,0.099451,4
5,43.3103,618.719,0.096505,4
5,44.5782,636.832,0.093650,4
5,45.8832,655.475,0.090881,4
5,47.2265,674.664,0.088197,4
5,48.609,694.414,0.085594,4
5,50.032,714.743,0.083071,4
5,51.4967,735.667,0.080624,4
5,53.0043,757.204,0.078252,4
5,54.5559,779.371,0.075951,4
5,56.1531,802.187,0.073720,4
5,57.7969,825.67,0.071556,4
5,59.4889,849.842,0.069457,4
5,61.2304,874.721,0.067421,4
5,63.023,900.328,0.065447,4
5,64.8679,926.685,0.063532,4
5,66.7669,953.813,0.061674,4
5,68.7215,981.736,0.059872,4
5,70.7333,1010.48,0.058124,4
5,72.804,1040.06,0.056428,4
5,74.9353,1070.5,0.054783,4
5,77.1291,1101.84,0.053187,4
5,79.387,1134.1,0.051638,4
5,81.711,1167.3,0.050135,4
5,84.1031,1201.47,0.048677,4
5,86.5652,1236.65,0.047262,4
5,89.0994,1272.85,0.045889,4
5,91.7077,1310.11,0.044557,4
5,94.3925,1348.46,0.043264,4
5,97.1558,1387.94,0.042009,4
5,100,1428.57,0.040791,4
6,0.001,0.0142857,4.999000,5
6,0.00102927,0.0147039,4.998971,5
6,0.00105941,0.0151344,4.998941,5
6,0.00109042,0.0155774,4.998910,5
6,0.00112234,0.0160335,4.998878,5
6,0.0011552,0.0165028,4.998845,5
6,0.00118902,0.016986,4.998811,5
6,0.00122382,0.0174832,4.998776,5
6,0.00125965,0.017995,4.998740,5
6,0.00129653,0.0185218,4.998703,5
6,0.00133448,0.0190641,4.998666,5
6,0.00137355,0.0196221,4.998626,5
6,0.00141376,0.0201966,4.998586,5
6,0.00145515,0.0207878,4.998545,5
6,0.00149775,0.0213964,4.998502,5
6,0.00154159,0.0220228,4.998458,5
6,0.00158672,0.0226675,4.998413,5
6,0.00163317,0.0233311,4.998367,5
6,0.00168099,0.0240141,4.998319,5
6,0.0017302,0.0247171,4.998270,5
6,0.00178085,0.0254407,4.998219,5
6,0.00183298,0.0261854,4.998167,5
6,0.00188664,0.026952,4.998113,5
6,0.00194187,0.027741,4.998058,5
6,0.00199872,0.0285531,4.998001,5
6,0.00205723,0.029389,4.997943,5
6,0.00211746,0.0302494,4.997883,5
6,0.00217944,0.0311349,4.997821,5
6,0.00224325,0.0320464,4.997757,5
6,0.00230892,0.0329845,4.997691,5
6,0.00237651,0.0339502,4.997623,5
6,0.00244608,0.034944,4.997554,5
6,0.00251769,0.035967,4.997482,5
6,0.0025914,0.0370199,4.997409,5
6,0.00266726,0.0381037,4.997333,5
6,0.00274534,0.0392192,4.997255,5
6,0.00282571,0.0403673,4.997174,5
6,0.00290843,0.0415491,4.997092,5
6,0.00299358,0.0427654,4.997006,5
6,0.00308121,0.0440173,4.996919,5
6,0.00317142,0.0453059,4.996829,5
6,0.00326426,0.0466323,4.996736,5
6,0.00335982,0.0479974,4.996640,5
6,0.00345818,0.0494025,4.996542,5
6,0.00355941,0.0508488,4.996441,5
6,0.00366361,0.0523374,4.996336,5
6,0.00377087,0.0538695,4.996229,5
6,0.00388126,0.0554465,4.996119,5
6,0.00399488,0.0570697,4.996005,5
6,0.00411183,0.0587404,4.995888,5
6,0.0042322,0.06046,4.995768,5
6,0.0043561,0.06223,4.995644,5
6,0.00448362,0.0640518,4.995516,5
6,0.00461488,0.0659269,4.995385,5
6,0.00474998,0.0678568,4.995250,5
6,0.00488903,0.0698433,4.995111,5
6,0.00503216,0.071888,4.994968,5
6,0.00517947,0.0739925,4.994821,5
6,0.0053311,0.0761586,4.994669,5
6,0.00548717,0.0783881,4.994513,5
6,0.00564781,0.0806829,4.994352,5
6,0.00581314,0.0830449,4.994187,5
6,0.00598332,0.085476,4.994017,5
6,0.00615848,0.0879783,4.993842,5
6,0.00633877,0.0905539,4.993661,5
6,0.00652434,0.0932048,4.993476,5
6,0.00671533,0.0959334,4.993285,5
6,0.00691192,0.0987418,4.993088,5
6,0.00711427,0.101632,4.992886,5
6,0.00732254,0.104608,4.992677,5
6,0.0075369,0.10767,4.992463,5
6,0.00775755,0.110822,4.992242,5
6,0.00798465,0.114066,4.992015,5
6,0.00821839,0.117406,4.991782,5
6,0.00845899,0.120843,4.991541,5
6,0.00870662,0.12438,4.991293,5
6,0.00896151,0.128022,4.991038,5
6,0.00922385,0.131769,4.990776,5
6,0.00949388,0.135627,4.990506,5
6,0.00977181,0.139597,4.990228,5
6,0.0100579,0.143684,4.989942,5
6,0.0103523,0.14789,4.989648,5
6,0.0106554,0.15222,4.989345,5
6,0.0109673,0.156676,4.989033,5
6,0.0112884,0.161263,4.988712,5
6,0.0116188,0.165983,4.988381,5
6,0.011959,0.170843,4.988041,5
6,0.0123091,0.175844,4.987691,5
6,0.0126694,0.180992,4.987331,5
6,0.0130403,0.18629,4.986960,5
6,0.0134221,0.191744,4.986578,5
6,0.013815,0.197357,4.986185,5
6,0.0142194,0.203135,4.985781,5
6,0.0146357,0.209081,4.985364,5
6,0.0150642,0.215202,4.984936,5
6,0.0155052,0.221502,4.984495,5
6,0.0159591,0.227987,4.984041,5
6,0.0164263,0.234661,4.983574,5
6,0.0169071,0.241531,4.983093,5
6,0.0174021,0.248601,4.982598,5
6,0.0179115,0.255879,4.982088,5
6,0.0184359,0.26337,4.981564,5
6,0.0189756,0.27108,4.981024,5
6,0.0195311,0.279016,4.980469,5
6,0.0201029,0.287184,4.979897,5
6,0.0206914,0.295591,4.979309,5
6,0.0212971,0.304245,4.978703,5
6,0.0219206,0.313151,4.978079,5
6,0.0225623,0.322319,4.977438,5
6,0.0232228,0.331754,4.976777,5
6,0.0239027,0.341466,4.976097,5
6,0.0246024,0.351463,4.975398,5
6,0.0253226,0.361752,4.974677,5
6,0.0260639,0.372342,4.973936,5
6,0.026827,0.383242,4.973173,5
6,0.0276123,0.394462,4.972388,5
6,0.0284207,0.406009,4.971579,5
6,0.0292527,0.417895,4.970747,5
6,0.030109,0.430129,4.969891,5
6,0.0309905,0.442721,4.969010,5
6,0.0318977,0.455681,4.968102,5
6,0.0328315,0.469021,4.967168,5
6,0.0337926,0.482752,4.966207,5
6,0.0347819,0.496884,4.965218,5
6,0.0358001,0.511431,4.964200,5
6,0.0368482,0.526403,4.963152,5
6,0.0379269,0.541813,4.962073,5
6,0.0390372,0.557674,4.960963,5
6,0.04018,0.574,4.959820,5
6,0.0413563,0.590804,4.958644,5
6,0.042567,0.608099,4.957433,5
6,0.0438131,0.625901,4.956187,5
6,0.0450957,0.644225,4.954904,5
6,0.0464159,0.663084,4.953584,5
6,0.0477747,0.682496,4.952225,5
6,0.0491733,0.702476,4.950827,5
6,0.0506128,0.72304,4.949387,5
6,0.0520945,0.744207,4.947905,5
6,0.0536196,0.765994,4.946380,5
6,0.0551893,0.788418,4.944811,5
6,0.0568049,0.811499,4.943195,5
6,0.0584679,0.835255,4.941532,5
6,0.0601795,0.859707,4.939820,5
6,0.0619412,0.884875,4.938059,5
6,0.0637546,0.910779,4.936245,5
6,0.065621,0.937442,4.934379,5
6,0.067542,0.964886,4.932458,5
6,0.0695193,0.993133,4.930481,5
6,0.0715544,1.02221,4.928446,5
6,0.0736492,1.05213,4.926351,5
6,0.0758052,1.08293,4.924195,5
6,0.0780244,1.11463,4.921976,5
6,0.0803086,1.14727,4.919691,5
6,0.0826596,1.18085,4.917340,5
6,0.0850794,1.21542,4.914921,5
6,0.0875701,1.251,4.912430,5
6,0.0901337,1.28762,4.909866,5
6,0.0927723,1.32532,4.907228,5
6,0.0954882,1.36412,4.904512,5
6,0.0982836,1.40405,4.901716,5
6,0.101161,1.44516,4.898839,5
6,0.104122,1.48746,4.895878,5
6,0.10717,1.53101,4.892830,5
6,0.110308,1.57583,4.889692,5
6,0.113537,1.62196,4.886463,5
6,0.116861,1.66944,4.883139,5
6,0.120282,1.71831,4.879718,5
6,0.123803,1.76862,4.876197,5
6,0.127427,1.82039,4.872573,5
6,0.131158,1.87368,4.868842,5
6,0.134998,1.92854,4.865003,5
6,0.13895,1.98499,4.861051,5
6,0.143017,2.0431,4.856983,5
6,0.147204,2.10292,4.852796,5
6,0.151513,2.16448,4.848487,5
6,0.155949,2.22784,4.844051,5
6,0.160514,2.29306,4.839486,5
6,0.165213,2.36019,4.834787,5
6,0.17005,2.42928,4.829950,5
6,0.175028,2.5004,4.824972,5
6,0.180152,2.5736,4.819848,5
6,0.185426,2.64894,4.814574,5
6,0.190854,2.72649,4.809146,5
6,0.196441,2.80631,4.803559,5
6,0.202192,2.88846,4.797808,5
6,0.208111,2.97302,4.791889,5
6,0.214204,3.06005,4.785797,5
6,0.220475,3.14964,4.779526,5
6,0.226929,3.24184,4.773072,5
6,0.233572,3.33674,4.766429,5
6,0.24041,3.43443,4.759591,5
6,0.247448,3.53497,4.752554,5
6,0.254692,3.63845,4.745310,5
6,0.262148,3.74497,4.737854,5
6,0.269822,3.8546,4.730180,5
6,0.277721,3.96745,4.722282,5
6,0.285851,4.08359,4.714152,5
6,0.29422,4.20314,4.705784,5
6,0.302833,4.32618,4.697172,5
6,0.311698,4.45283,4.688307,5
6,0.320823,4.58319,4.679183,5
6,0.330215,4.71736,4.669793,5
6,0.339882,4.85546,4.660127,5
6,0.349832,4.9976,4.650179,5
6,0.360073,5.1439,4.639939,5
6,0.370614,5.29449,4.629400,5
6,0.381464,5.44949,4.618553,5
6,0.392631,5.60902,4.607389,5
6,0.404126,5.77322,4.595899,5
6,0.415956,5.94223,4.584072,5
6,0.428133,6.11619,4.571900,5
6,0.440667,6.29524,4.559373,5
6,0.453567,6.47953,4.546479,5
6,0.466845,6.66922,4.533209,5
6,0.480512,6.86446,4.519551,5
6,0.494579,7.06541,4.505495,5
6,0.509058,7.27225,4.491030,5
6,0.52396,7.48514,4.476142,5
6,0.539299,7.70427,4.460821,5
6,0.555087,7.92981,4.445053,5
6,0.571337,8.16195,4.428827,5
6,0.588063,8.40089,4.412129,5
6,0.605278,8.64683,4.394946,5
6,0.622997,8.89996,4.377264,5
6,0.641235,9.16051,4.359070,5
6,0.660008,9.42868,4.340349,5
6,0.679329,9.7047,4.321086,5
6,0.699216,9.9888,4.301268,5
6,0.719686,10.2812,4.280878,5
6,0.740754,10.5822,4.259902,5
6,0.76244,10.892,4.238324,5
6,0.78476,11.2109,4.216128,5
6,0.807734,11.5391,4.193298,5
6,0.83138,11.8769,4.169819,5
6,0.855718,12.2245,4.145673,5
6,0.880769,12.5824,4.120844,5
6,0.906554,12.9508,4.095315,5
6,0.933093,13.3299,4.069072,5
6,0.960409,13.7201,4.042095,5
6,0.988525,14.1218,4.014371,5
6,1.01746,14.5352,3.985881,5
6,1.04725,14.9607,3.956611,5
6,1.07791,15.3987,3.926545,5
6,1.10946,15.8495,3.895667,5
6,1.14194,16.3135,3.863963,5
6,1.17537,16.791,3.831420,5
6,1.20978,17.2826,3.798023,5
6,1.2452,17.7885,3.763762,5
6,1.28165,18.3093,3.728624,5
6,1.31917,18.8453,3.692600,5
6,1.35779,19.397,3.655681,5
6,1.39754,19.9648,3.617860,5
6,1.43845,20.5493,3.579132,5
6,1.48056,21.1509,3.539494,5
6,1.5239,21.77,3.498944,5
6,1.56852,22.4074,3.457483,5
6,1.61443,23.0633,3.415116,5
6,1.6617,23.7385,3.371848,5
6,1.71034,24.4334,3.327688,5
6,1.76041,25.1487,3.282648,5
6,1.81195,25.8849,3.236744,5
6,1.86499,26.6427,3.189994,5
6,1.91959,27.4227,3.142420,5
6,1.97578,28.2255,3.094049,5
6,2.03362,29.0518,3.044909,5
6,2.09316,29.9023,2.995034,5
6,2.15443,30.7776,2.944461,5
6,2.21751,31.6786,2.893230,5
6,2.28242,32.606,2.841386,5
6,2.34924,33.5606,2.788977,5
6,2.41801,34.543,2.736054,5
6,2.4888,35.5543,2.682672,5
6,2.56166,36.5951,2.628890,5
6,2.63665,37.6664,2.574767,5
6,2.71384,38.7691,2.520368,5
6,2.79329,39.9041,2.465757,5
6,2.87506,41.0723,2.411003,5
6,2.95922,42.2746,2.356173,5
6,3.04586,43.5122,2.301339,5
6,3.13502,44.786,2.246570,5
6,3.2268,46.0971,2.191937,5
6,3.32126,47.4466,2.137511,5
6,3.41849,48.8356,2.083361,5
6,3.51857,50.2653,2.029555,5
6,3.62157,51.7368,1.976159,5
6,3.72759,53.2513,1.923240,5
6,3.83672,54.8103,1.870858,5
6,3.94904,56.4148,1.819073,5
6,4.06464,58.0663,1.767942,5
6,4.18364,59.7662,1.717517,5
6,4.30611,61.5159,1.667848,5
6,4.43217,63.3167,1.618980,5
6,4.56192,65.1703,1.570955,5
6,4.69547,67.0782,1.523810,5
6,4.83293,69.0419,1.477579,5
6,4.97441,71.063,1.432291,5
6,5.12004,73.1434,1.387971,5
6,5.26993,75.2847,1.344640,5
6,5.4242,77.4886,1.302316,5
6,5.58299,79.7571,1.261011,5
6,5.74643,82.0919,1.220737,5
6,5.91466,84.4952,1.181498,5
6,6.08781,86.9687,1.143298,5
6,6.26603,89.5147,1.106136,5
6,6.44947,92.1352,1.070010,5
6,6.63827,94.8325,1.034914,5
6,6.83261,97.6087,1.000839,5
6,7.03263,100.466,0.967775,5
6,7.23851,103.407,0.935710,5
6,7.45041,106.434,0.904628,5
6,7.66852,109.55,0.874515,5
6,7.89302,112.757,0.845353,5
6,8.12408,116.058,0.817123,5
6,8.36192,119.456,0.789806,5
6,8.60671,122.953,0.763381,5
6,8.85867,126.552,0.737827,5
6,9.118,130.257,0.713123,5
6,9.38493,134.07,0.689247,5
6,9.65967,137.995,0.666176,5
6,9.94246,142.035,0.643887,5
6,10.2335,146.193,0.622359,5
6,10.5331,150.473,0.601569,5
6,10.8415,154.878,0.581494,5
6,11.1588,159.412,0.562112,5
6,11.4855,164.079,0.543401,5
6,11.8217,168.882,0.525340,5
6,12.1678,173.826,0.507906,5
6,12.524,178.915,0.491080,5
6,12.8907,184.153,0.474841,5
6,13.268,189.544,0.459168,5
6,13.6565,195.092,0.444043,5
6,14.0563,200.804,0.429445,5
6,14.4678,206.682,0.415357,5
6,14.8913,212.733,0.401761,5
6,15.3272,218.96,0.388638,5
6,15.7759,225.37,0.375973,5
6,16.2378,231.968,0.363748,5
6,16.7131,238.759,0.351948,5
6,17.2024,245.749,0.340557,5
6,17.706,252.943,0.329561,5
6,18.2243,260.348,0.318944,5
6,18.7578,267.969,0.308694,5
6,19.307,275.814,0.298796,5
6,19.8722,283.888,0.289239,5
6,20.4539,292.199,0.280008,5
6,21.0527,300.753,0.271093,5
6,21.669,309.558,0.262482,5
6,22.3034,318.62,0.254164,5
6,22.9563,327.947,0.246128,5
6,23.6284,337.548,0.238364,5
6,24.3201,347.43,0.230861,5
6,25.032,357.601,0.223611,5
6,25.7648,368.069,0.216604,5
6,26.5191,378.844,0.209831,5
6,27.2954,389.935,0.203284,5
6,28.0945,401.35,0.196955,5
6,28.917,413.1,0.190836,5
6,29.7635,425.193,0.184919,5
6,30.6348,437.64,0.179197,5
6,31.5317,450.452,0.173663,5
6,32.4547,463.639,0.168311,5
6,33.4048,477.212,0.163133,5
6,34.3828,491.182,0.158125,5
6,35.3893,505.562,0.153279,5
6,36.4253,520.362,0.148590,5
6,37.4917,535.595,0.144053,5
6,38.5892,551.275,0.139662,5
6,39.7189,567.413,0.135412,5
6,40.8817,584.024,0.131298,5
6,42.0785,601.121,0.127316,5
6,43.3103,618.719,0.123461,5
6,44.5782,636.832,0.119729,5
6,45.8832,655.475,0.116115,5
6,47.2265,674.664,0.112616,5
6,48.609,694.414,0.109227,5
6,50.032,714.743,0.105944,5
6,51.4967,735.667,0.102765,5
6,53.0043,757.204,0.099686,5
6,54.5559,779.371,0.096703,5
6,56.1531,802.187,0.093813,5
6,57.7969,825.67,0.091013,5
6,59.4889,849.842,0.088300,5
6,61.2304,874.721,0.085671,5
6,63.023,900.328,0.083123,5
6,64.8679,926.685,0.080654,5
6,66.7669,953.813,0.078262,5
6,68.7215,981.736,0.075942,5
6,70.7333,1010.48,0.073694,5
6,72.804,1040.06,0.071515,5
6,74.9353,1070.5,0.069403,5
6,77.1291,1101.84,0.067355,5
6,79.387,1134.1,0.065369,5
6,81.711,1167.3,0.063444,5
6,84.1031,1201.47,0.061577,5
6,86.5652,1236.65,0.059767,5
6,89.0994,1272.85,0.058011,5
6,91.7077,1310.11,0.056309,5
6,94.3925,1348.46,0.054658,5
6,97.1558,1387.94,0.053057,5
6,100,1428.57,0.051504,5
7,0.001,0.0142857,5.999000,6
7,0.00102927,0.0147039,5.998971,6
7,0.00105941,0.0151344,5.998941,6
7,0.00109042,0.0155774,5.998910,6
7,0.00112234,0.0160335,5.998878,6
7,0.0011552,0.0165028,5.998845,6
7,0.00118902,0.016986,5.998811,6
7,0.00122382,0.0174832,5.998776,6
7,0.00125965,0.017995,5.998740,6
7,0.00129653,0.0185218,5.998703,6
7,0.00133448,0.0190641,5.998666,6
7,0.00137355,0.0196221,5.998626,6
7,0.00141376,0.0201966,5.998586,6
7,0.00145515,0.0207878,5.998545,6
7,0.00149775,0.0213964,5.998502,6
7,0.00154159,0.0220228,5.998458,6
7,0.00158672,0.0226675,5.998413,6
7,0.00163317,0.0233311,5.998367,6
7,0.00168099,0.0240141,5.998319,6
7,0.0017302,0.0247171,5.998270,6
7,0.00178085,0.0254407,5.998219,6
7,0.00183298,0.0261854,5.998167,6
7,0.00188664,0.026952,5.998113,6
7,0.00194187,0.027741,5.998058,6
7,0.00199872,0.0285531,5.998001,6
7,0.00205723,0.029389,5.997943,6
7,0.00211746,0.0302494,5.997883,6
7,0.00217944,0.0311349,5.997821,6
7,0.00224325,0.0320464,5.997757,6
7,0.00230892,0.0329845,5.997691,6
7,0.00237651,0.0339502,5.997623,6
7,0.00244608,0.034944,5.997554,6
7,0.00251769,0.035967,5.997482,6
7,0.0025914,0.0370199,5.997409,6
7,0.00266726,0.0381037,5.997333,6
7,0.00274534,0.0392192,5.997255,6
7,0.00282571,0.0403673,5.997174,6
7,0.00290843,0.0415491,5.997092,6
7,0.00299358,0.0427654,5.997006,6
7,0.00308121,0.0440173,5.996919,6
7,0.00317142,0.0453059,5.996829,6
7,0.00326426,0.0466323,5.996736,6
7,0.00335982,0.0479974,5.996640,6
7,0.00345818,0.0494025,5.996542,6
7,0.00355941,0.0508488,5.996441,6
7,0.00366361,0.0523374,5.996336,6
7,0.00377087,0.0538695,5.996229,6
7,0.00388126,0.0554465,5.996119,6
7,0.00399488,0.0570697,5.996005,6
7,0.00411183,0.0587404,5.995888,6
7,0.0042322,0.06046,5.995768,6
7,0.0043561,0.06223,5.995644,6
7,0.00448362,0.0640518,5.995516,6
7,0.00461488,0.0659269,5.995385,6
7,0.00474998,0.0678568,5.995250,6
7,0.00488903,0.0698433,5.995111,6
7,0.00503216,0.071888,5.994968,6
7,0.00517947,0.0739925,5.994821,6
7,0.0053311,0.0761586,5.994669,6
7,0.00548717,0.0783881,5.994513,6
7,0.00564781,0.0806829,5.994352,6
7,0.00581314,0.0830449,5.994187,6
7,0.00598332,0.085476,5.994017,6
7,0.00615848,0.0879783,5.993842,6
7,0.00633877,0.0905539,5.993661,6
7,0.00652434,0.0932048,5.993476,6
7,0.00671533,0.0959334,5.993285,6
7,0.00691192,0.0987418,5.993088,6
7,0.00711427,0.101632,5.992886,6
7,0.00732254,0.104608,5.992677,6
7,0.0075369,0.10767,5.992463,6
7,0.00775755,0.110822,5.992242,6
7,0.00798465,0.114066,5.992015,6
7,0.00821839,0.117406,5.991782,6
7,0.00845899,0.120843,5.991541,6
7,0.00870662,0.12438,5.991293,6
7,0.00896151,0.128022,5.991038,6
7,0.00922385,0.131769,5.990776,6
7,0.00949388,0.135627,5.990506,6
7,0.00977181,0.139597,5.990228,6
7,0.0100579,0.143684,5.989942,6
7,0.0103523,0.14789,5.989648,6
7,0.0106554,0.15222,5.989345,6
7,0.0109673,0.156676,5.989033,6
7,0.0112884,0.161263,5.988712,6
7,0.0116188,0.165983,5.988381,6
7,0.011959,0.170843,5.988041,6
7,0.0123091,0.175844,5.987691,6
7,0.0126694,0.180992,5.987331,6
7,0.0130403,0.18629,5.986960,6
7,0.0134221,0.191744,5.986578,6
7,0.013815,0.197357,5.986185,6
7,0.0142194,0.203135,5.985781,6
7,0.0146357,0.209081,5.985364,6
7,0.0150642,0.215202,5.984936,6
7,0.0155052,0.221502,5.984495,6
7,0.0159591,0.227987,5.984041,6
7,0.0164263,0.234661,5.983574,6
7,0.0169071,0.241531,5.983093,6
7,0.0174021,0.248601,5.982598,6
7,0.0179115,0.255879,5.982088,6
7,0.0184359,0.26337,5.981564,6
7,0.0189756,0.27108,5.981024,6
7,0.0195311,0.279016,5.980469,6
7,0.0201029,0.287184,5.979897,6
7,0.0206914,0.295591,5.979309,6
7,0.0212971,0.304245,5.978703,6
7,0.0219206,0.313151,5.978079,6
7,0.0225623,0.322319,5.977438,6
7,0.0232228,0.331754,5.976777,6
7,0.0239027,0.341466,5.976097,6
7,0.0246024,0.351463,5.975398,6
7,0.0253226,0.361752,5.974677,6
7,0.0260639,0.372342,5.973936,6
7,0.026827,0.383242,5.973173,6
7,0.0276123,0.394462,5.972388,6
7,0.0284207,0.406009,5.971579,6
7,0.0292527,0.417895,5.970747,6
7,0.030109,0.430129,5.969891,6
7,0.0309905,0.442721,5.969010,6
7,0.0318977,0.455681,5.968102,6
7,0.0328315,0.469021,5.967168,6
7,0.0337926,0.482752,5.966207,6
7,0.0347819,0.496884,5.965218,6
7,0.0358001,0.511431,5.964200,6
7,0.0368482,0.526403,5.963152,6
7,0.0379269,0.541813,5.962073,6
7,0.0390372,0.557674,5.960963,6
7,0.04018,0.574,5.959820,6
7,0.0413563,0.590804,5.958644,6
7,0.042567,0.608099,5.957433,6
7,0.0438131,0.625901,5.956187,6
7,0.0450957,0.644225,5.954904,6
7,0.0464159,0.663084,5.953584,6
7,0.0477747,0.682496,5.952225,6
7,0.0491733,0.702476,5.950827,6
7,0.0506128,0.72304,5.949387,6
7,0.0520945,0.744207,5.947905,6
7,0.0536196,0.765994,5.946380,6
7,0.0551893,0.788418,5.944811,6
7,0.0568049,0.811499,5.943195,6
7,0.0584679,0.835255,5.941532,6
7,0.0601795,0.859707,5.939820,6
7,0.0619412,0.884875,5.938059,6
7,0.0637546,0.910779,5.936245,6
7,0.065621,0.937442,5.934379,6
7,0.067542,0.964886,5.932458,6
7,0.0695193,0.993133,5.930481,6
7,0.0715544,1.02221,5.928446,6
7,0.0736492,1.05213,5.926351,6
7,0.0758052,1.08293,5.924195,6
7,0.0780244,1.11463,5.921976,6
7,0.0803086,1.14727,5.919691,6
7,0.0826596,1.18085,5.917340,6
7,0.0850794,1.21542,5.914921,6
7,0.0875701,1.251,5.912430,6
7,0.0901337,1.28762,5.909866,6
7,0.0927723,1.32532,5.907228,6
7,0.0954882,1.36412,5.904512,6
7,0.0982836,1.40405,5.901716,6
7,0.101161,1.44516,5.898839,6
7,0.104122,1.48746,5.895878,6
7,0.10717,1.53101,5.892830,6
7,0.110308,1.57583,5.889692,6
7,0.113537,1.62196,5.886463,6
7,0.116861,1.66944,5.883139,6
7,0.120282,1.71831,5.879718,6
7,0.123803,1.76862,5.876197,6
7,0.127427,1.82039,5.872573,6
7,0.131158,1.87368,5.868842,6
7,0.134998,1.92854,5.865002,6
7,0.13895,1.98499,5.861050,6
7,0.143017,2.0431,5.856983,6
7,0.147204,2.10292,5.852796,6
7,0.151513,2.16448,5.848487,6
7,0.155949,2.22784,5.844051,6
7,0.160514,2.29306,5.839486,6
7,0.165213,2.36019,5.834787,6
7,0.17005,2.42928,5.829950,6
7,0.175028,2.5004,5.824972,6
7,0.180152,2.5736,5.819848,6
7,0.185426,2.64894,5.814574,6
7,0.190854,2.72649,5.809146,6
7,0.196441,2.80631,5.803559,6
7,0.202192,2.88846,5.797808,6
7,0.208111,2.97302,5.791889,6
7,0.214204,3.06005,5.785796,6
7,0.220475,3.14964,5.779526,6
7,0.226929,3.24184,5.773071,6
7,0.233572,3.33674,5.766428,6
7,0.24041,3.43443,5.759590,6
7,0.247448,3.53497,5.752552,6
7,0.254692,3.63845,5.745308,6
7,0.262148,3.74497,5.737852,6
7,0.269822,3.8546,5.730178,6
7,0.277721,3.96745,5.722279,6
7,0.285851,4.08359,5.714149,6
7,0.29422,4.20314,5.705781,6
7,0.302833,4.32618,5.697167,6
7,0.311698,4.45283,5.688302,6
7,0.320823,4.58319,5.679177,6
7,0.330215,4.71736,5.669785,6
7,0.339882,4.85546,5.660118,6
7,0.349832,4.9976,5.650169,6
7,0.360073,5.1439,5.639927,6
7,0.370614,5.29449,5.629387,6
7,0.381464,5.44949,5.618537,6
7,0.392631,5.60902,5.607370,6
7,0.404126,5.77322,5.595876,6
7,0.415956,5.94223,5.584046,6
7,0.428133,6.11619,5.571869,6
7,0.440667,6.29524,5.559336,6
7,0.453567,6.47953,5.546436,6
7,0.466845,6.66922,5.533159,6
7,0.480512,6.86446,5.519493,6
7,0.494579,7.06541,5.505427,6
7,0.509058,7.27225,5.490950,6
7,0.52396,7.48514,5.476049,6
7,0.539299,7.70427,5.460712,6
7,0.555087,7.92981,5.444926,6
7,0.571337,8.16195,5.428679,6
7,0.588063,8.40089,5.411956,6
7,0.605278,8.64683,5.394745,6
7,0.622997,8.89996,5.377030,6
7,0.641235,9.16051,5.358797,6
7,0.660008,9.42868,5.340032,6
7,0.679329,9.7047,5.320718,6
7,0.699216,9.9888,5.300840,6
7,0.719686,10.2812,5.280382,6
7,0.740754,10.5822,5.259327,6
7,0.76244,10.892,5.237657,6
7,0.78476,11.2109,5.215356,6
7,0.807734,11.5391,5.192405,6
7,0.83138,11.8769,5.168786,6
7,0.855718,12.2245,5.144480,6
7,0.880769,12.5824,5.119467,6
7,0.906554,12.9508,5.093729,6
7,0.933093,13.3299,5.067244,6
7,0.960409,13.7201,5.039992,6
7,0.988525,14.1218,5.011952,6
7,1.01746,14.5352,4.983103,6
7,1.04725,14.9607,4.953424,6
7,1.07791,15.3987,4.922892,6
7,1.10946,15.8495,4.891485,6
7,1.14194,16.3135,4.859181,6
7,1.17537,16.791,4.825957,6
7,1.20978,17.2826,4.791791,6
7,1.2452,17.7885,4.756659,6
7,1.28165,18.3093,4.720541,6
7,1.31917,18.8453,4.683413,6
7,1.35779,19.397,4.645253,6
7,1.39754,19.9648,4.606040,6
7,1.43845,20.5493,4.565753,6
7,1.48056,21.1509,4.524372,6
7,1.5239,21.77,4.481878,6
7,1.56852,22.4074,4.438252,6
7,1.61443,23.0633,4.393479,6
7,1.6617,23.7385,4.347543,6
7,1.71034,24.4334,4.300431,6
7,1.76041,25.1487,4.252133,6
7,1.81195,25.8849,4.202639,6
7,1.86499,26.6427,4.151945,6
7,1.91959,27.4227,4.100048,6
7,1.97578,28.2255,4.046948,6
7,2.03362,29.0518,3.992650,6
7,2.09316,29.9023,3.937163,6
7,2.15443,30.7776,3.880500,6
7,2.21751,31.6786,3.822679,6
7,2.28242,32.606,3.763723,6
7,2.34924,33.5606,3.703659,6
7,2.41801,34.543,3.642522,6
7,2.4888,35.5543,3.580351,6
7,2.56166,36.5951,3.517190,6
7,2.63665,37.6664,3.453093,6
7,2.71384,38.7691,3.388115,6
7,2.79329,39.9041,3.322320,6
7,2.87506,41.0723,3.255778,6
7,2.95922,42.2746,3.188562,6
7,3.04586,43.5122,3.120754,6
7,3.13502,44.786,3.052439,6
7,3.2268,46.0971,2.983706,6
7,3.32126,47.4466,2.914650,6
7,3.41849,48.8356,2.845368,6
7,3.51857,50.2653,2.775960,6
7,3.62157,51.7368,2.706529,6
7,3.72759,53.2513,2.637179,6
7,3.83672,54.8103,2.568014,6
7,3.94904,56.4148,2.499138,6
7,4.06464,58.0663,2.430654,6
7,4.18364,59.7662,2.362664,6
7,4.30611,61.5159,2.295266,6
7,4.43217,63.3167,2.228555,6
7,4.56192,65.1703,2.162624,6
7,4.69547,67.0782,2.097558,6
7,4.83293,69.0419,2.033439,6
7,4.97441,71.063,1.970343,6
7,5.12004,73.1434,1.908339,6
7,5.26993,75.2847,1.847491,6
7,5.4242,77.4886,1.787855,6
7,5.58299,79.7571,1.729482,6
7,5.74643,82.0919,1.672415,6
7,5.91466,84.4952,1.616691,6
7,6.08781,86.9687,1.562340,6
7,6.26603,89.5147,1.509384,6
7,6.44947,92.1352,1.457843,6
7,6.63827,94.8325,1.407727,6
7,6.83261,97.6087,1.359043,6
7,7.03263,100.466,1.311791,6
7,7.23851,103.407,1.265967,6
7,7.45041,106.434,1.221563,6
7,7.66852,109.55,1.178565,6
7,7.89302,112.757,1.136958,6
7,8.12408,116.058,1.096722,6
7,8.36192,119.456,1.057834,6
7,8.60671,122.953,1.020269,6
7,8.85867,126.552,0.984001,6
7,9.118,130.257,0.949000,6
7,9.38493,134.07,0.915236,6
7,9.65967,137.995,0.882676,6
7,9.94246,142.035,0.851289,6
7,10.2335,146.193,0.821040,6
7,10.5331,150.473,0.791897,6
7,10.8415,154.878,0.763825,6
7,11.1588,159.412,0.736790,6
7,11.4855,164.079,0.710758,6
7,11.8217,168.882,0.685696,6
7,12.1678,173.826,0.661569,6
7,12.524,178.915,0.638345,6
7,12.8907,184.153,0.615992,6
7,13.268,189.544,0.594478,6
7,13.6565,195.092,0.573772,6
7,14.0563,200.804,0.553845,6
7,14.4678,206.682,0.534665,6
7,14.8913,212.733,0.516206,6
7,15.3272,218.96,0.498438,6
7,15.7759,225.37,0.481337,6
7,16.2378,231.968,0.464874,6
7,16.7131,238.759,0.449026,6
7,17.2024,245.749,0.433768,6
7,17.706,252.943,0.419077,6
7,18.2243,260.348,0.404930,6
7,18.7578,267.969,0.391306,6
7,19.307,275.814,0.378184,6
7,19.8722,283.888,0.365544,6
7,20.4539,292.199,0.353367,6
7,21.0527,300.753,0.341633,6
7,21.669,309.558,0.330327,6
7,22.3034,318.62,0.319430,6
7,22.9563,327.947,0.308926,6
7,23.6284,337.548,0.298800,6
7,24.3201,347.43,0.289037,6
7,25.032,357.601,0.279622,6
7,25.7648,368.069,0.270542,6
7,26.5191,378.844,0.261784,6
7,27.2954,389.935,0.253334,6
7,28.0945,401.35,0.245182,6
7,28.917,413.1,0.237314,6
7,29.7635,425.193,0.229721,6
7,30.6348,437.64,0.222392,6
7,31.5317,450.452,0.215316,6
7,32.4547,463.639,0.208484,6
7,33.4048,477.212,0.201886,6
7,34.3828,491.182,0.195514,6
7,35.3893,505.562,0.189359,6
7,36.4253,520.362,0.183413,6
7,37.4917,535.595,0.177668,6
7,38.5892,551.275,0.172116,6
7,39.7189,567.413,0.166750,6
7,40.8817,584.024,0.161564,6
7,42.0785,601.121,0.156551,6
7,43.3103,618.719,0.151704,6
7,44.5782,636.832,0.147017,6
7,45.8832,655.475,0.142485,6
7,47.2265,674.664,0.138101,6
7,48.609,694.414,0.133862,6
7,50.032,714.743,0.129760,6
7,51.4967,735.667,0.125792,6
7,53.0043,757.204,0.121953,6
7,54.5559,779.371,0.118237,6
7,56.1531,802.187,0.114642,6
7,57.7969,825.67,0.111162,6
7,59.4889,849.842,0.107793,6
7,61.2304,874.721,0.104532,6
7,63.023,900.328,0.101375,6
7,64.8679,926.685,0.098318,6
7,66.7669,953.813,0.095358,6
7,68.7215,981.736,0.092491,6
7,70.7333,1010.48,0.089715,6
7,72.804,1040.06,0.087026,6
7,74.9353,1070.5,0.084421,6
7,77.1291,1101.84,0.081898,6
7,79.387,1134.1,0.079453,6
7,81.711,1167.3,0.077085,6
7,84.1031,1201.47,0.074790,6
7,86.5652,1236.65,0.072566,6
7,89.0994,1272.85,0.070411,6
7,91.7077,1310.11,0.068322,6
7,94.3925,1348.46,0.066298,6
7,97.1558,1387.94,0.064336,6
7,100,1428.57,0.062434,6
