k,s,age_midpoint,hazard_per_year
3,0.0,1.0,0.00019000
3,0.0,3.0,0.00135552
3,0.0,5.0,0.00295413
3,0.0,7.0,0.00534298
3,0.0,9.0,0.00761911
3,0.0,11.0,0.00961688
3,0.0,13.0,0.01233473
3,0.0,15.0,0.01473645
3,0.0,17.0,0.01690207
3,0.0,19.0,0.01932936
3,0.0,21.0,0.02056909
3,0.0,23.0,0.02328043
3,0.0,25.0,0.02452900
3,0.0,27.0,0.02644377
3,0.0,29.0,0.02725668
3,0.0,31.0,0.02899020
3,0.0,33.0,0.03067625
3,0.0,35.0,0.03259409
3,0.0,37.0,0.03341111
3,0.0,39.0,0.03392339
3,0.0,41.0,0.03500848
3,0.0,43.0,0.03520997
3,0.0,45.0,0.03651211
3,0.0,47.0,0.03709902
3,0.0,49.0,0.03976862
3,0.0,51.0,0.03924588
3,0.0,53.0,0.04020186
3,0.0,55.0,0.04269717
3,0.0,57.0,0.04137274
3,0.0,59.0,0.04167956
3,0.0,61.0,0.04337239
3,0.0,63.0,0.04361140
3,0.0,65.0,0.04384544
3,0.0,67.0,0.04330459
3,0.0,69.0,0.04567541
3,0.0,71.0,0.04614209
3,0.0,73.0,0.04397408
3,0.0,75.0,0.04636892
3,0.0,77.0,0.04348047
3,0.0,79.0,0.04539378
3,0.0,81.0,0.04686351
3,0.0,83.0,0.04846559
3,0.0,85.0,0.04648204
3,0.0,87.0,0.04645981
3,0.0,89.0,0.04630640
3,0.0,91.0,0.04962904
3,0.0,93.0,0.05075690
3,0.0,95.0,0.04720020
3,0.0,97.0,0.05061560
3,0.0,99.0,0.04824962
3,0.0,101.0,0.05475067
3,0.0,103.0,0.05334847
3,0.0,105.0,0.04997882
3,0.0,107.0,0.05600000
3,0.0,109.0,0.04663487
3,0.0,111.0,0.04646406
3,0.0,113.0,0.05154639
3,0.0,115.0,0.05172414
3,0.0,117.0,0.05889423
3,0.0,119.0,0.05495005
3,0.004,1.0,0.00022000
3,0.004,3.0,0.00132058
3,0.004,5.0,0.00314970
3,0.004,7.0,0.00546616
3,0.004,9.0,0.00748104
3,0.004,11.0,0.01015386
3,0.004,13.0,0.01304532
3,0.004,15.0,0.01483907
3,0.004,17.0,0.01788372
3,0.004,19.0,0.01970775
3,0.004,21.0,0.02202071
3,0.004,23.0,0.02368614
3,0.004,25.0,0.02606475
3,0.004,27.0,0.02814910
3,0.004,29.0,0.02968006
3,0.004,31.0,0.03195515
3,0.004,33.0,0.03240179
3,0.004,35.0,0.03457500
3,0.004,37.0,0.03569217
3,0.004,39.0,0.03700848
3,0.004,41.0,0.03760380
3,0.004,43.0,0.04151357
3,0.004,45.0,0.04138471
3,0.004,47.0,0.04189330
3,0.004,49.0,0.04196665
3,0.004,51.0,0.04391589
3,0.004,53.0,0.04631169
3,0.004,55.0,0.04733247
3,0.004,57.0,0.04609440
3,0.004,59.0,0.04758285
3,0.004,61.0,0.04872312
3,0.004,63.0,0.05038471
3,0.004,65.0,0.05133867
3,0.004,67.0,0.05179176
3,0.004,69.0,0.05108518
3,0.004,71.0,0.05231225
3,0.004,73.0,0.05234233
3,0.004,75.0,0.05351609
3,0.004,77.0,0.05359050
3,0.004,79.0,0.05352071
3,0.004,81.0,0.05231877
3,0.004,83.0,0.05488033
3,0.004,85.0,0.05597564
3,0.004,87.0,0.05451750
3,0.004,89.0,0.05295992
3,0.004,91.0,0.05626485
3,0.004,93.0,0.05670793
3,0.004,95.0,0.05830189
3,0.004,97.0,0.05830842
3,0.004,99.0,0.05536750
3,0.004,101.0,0.05628059
3,0.004,103.0,0.05821078
3,0.004,105.0,0.06137309
3,0.004,107.0,0.05612648
3,0.004,109.0,0.06366874
3,0.004,111.0,0.07244898
3,0.004,113.0,0.06384248
3,0.004,115.0,0.05745554
3,0.004,117.0,0.06414219
3,0.004,119.0,0.07003546
3,0.01,1.0,0.00017500
3,0.01,3.0,0.00130546
3,0.01,5.0,0.00325463
3,0.01,7.0,0.00550199
3,0.01,9.0,0.00764559
3,0.01,11.0,0.01064613
3,0.01,13.0,0.01365808
3,0.01,15.0,0.01603437
3,0.01,17.0,0.01895623
3,0.01,19.0,0.02226406
3,0.01,21.0,0.02440920
3,0.01,23.0,0.02621523
3,0.01,25.0,0.02975002
3,0.01,27.0,0.03117736
3,0.01,29.0,0.03339698
3,0.01,31.0,0.03417866
3,0.01,33.0,0.03795271
3,0.01,35.0,0.03946990
3,0.01,37.0,0.03985643
3,0.01,39.0,0.04216690
3,0.01,41.0,0.04424801
3,0.01,43.0,0.04613301
3,0.01,45.0,0.04730073
3,0.01,47.0,0.04818880
3,0.01,49.0,0.05057450
3,0.01,51.0,0.04894083
3,0.01,53.0,0.05130454
3,0.01,55.0,0.05338613
3,0.01,57.0,0.05275268
3,0.01,59.0,0.05546145
3,0.01,61.0,0.05578294
3,0.01,63.0,0.05607625
3,0.01,65.0,0.05586867
3,0.01,67.0,0.05680330
3,0.01,69.0,0.05840245
3,0.01,71.0,0.05731378
3,0.01,73.0,0.06059285
3,0.01,75.0,0.06407077
3,0.01,77.0,0.05774701
3,0.01,79.0,0.06228559
3,0.01,81.0,0.06429096
3,0.01,83.0,0.06070826
3,0.01,85.0,0.06653871
3,0.01,87.0,0.06439114
3,0.01,89.0,0.06204998
3,0.01,91.0,0.05947776
3,0.01,93.0,0.05872667
3,0.01,95.0,0.06281095
3,0.01,97.0,0.05832148
3,0.01,99.0,0.06119163
3,0.01,101.0,0.06146789
3,0.01,103.0,0.07479079
3,0.01,105.0,0.06826568
3,0.01,107.0,0.06410256
3,0.01,109.0,0.05555556
3,0.01,111.0,0.05974265
3,0.01,113.0,0.06784969
3,0.01,115.0,0.06400966
3,0.01,117.0,0.04986150
3,0.01,119.0,0.07384615
3,0.02,1.0,0.00022000
3,0.02,3.0,0.00140562
3,0.02,5.0,0.00336092
3,0.02,7.0,0.00571688
3,0.02,9.0,0.00897081
3,0.02,11.0,0.01216746
3,0.02,13.0,0.01490755
3,0.02,15.0,0.01872348
3,0.02,17.0,0.02196974
3,0.02,19.0,0.02507554
3,0.02,21.0,0.02786440
3,0.02,23.0,0.03058086
3,0.02,25.0,0.03422549
3,0.02,27.0,0.03638260
3,0.02,29.0,0.03847417
3,0.02,31.0,0.04059631
3,0.02,33.0,0.04413530
3,0.02,35.0,0.04570069
3,0.02,37.0,0.04634802
3,0.02,39.0,0.04902239
3,0.02,41.0,0.05176649
3,0.02,43.0,0.05331655
3,0.02,45.0,0.05420634
3,0.02,47.0,0.05447782
3,0.02,49.0,0.05557301
3,0.02,51.0,0.05512348
3,0.02,53.0,0.06033602
3,0.02,55.0,0.05809450
3,0.02,57.0,0.06102103
3,0.02,59.0,0.06122619
3,0.02,61.0,0.06408190
3,0.02,63.0,0.06328150
3,0.02,65.0,0.06193203
3,0.02,67.0,0.06088377
3,0.02,69.0,0.06398641
3,0.02,71.0,0.06038961
3,0.02,73.0,0.06193290
3,0.02,75.0,0.06394509
3,0.02,77.0,0.06917978
3,0.02,79.0,0.06490385
3,0.02,81.0,0.06372007
3,0.02,83.0,0.06521739
3,0.02,85.0,0.06529126
3,0.02,87.0,0.06839754
3,0.02,89.0,0.06209573
3,0.02,91.0,0.06129985
3,0.02,93.0,0.06649832
3,0.02,95.0,0.05776699
3,0.02,97.0,0.06147091
3,0.02,99.0,0.05944931
3,0.02,101.0,0.05752841
3,0.02,103.0,0.06661316
3,0.02,105.0,0.09166667
3,0.02,107.0,0.06349206
3,0.02,109.0,0.06103896
3,0.02,111.0,0.06360947
3,0.02,113.0,0.08135593
3,0.02,115.0,0.07085020
3,0.02,117.0,0.06839623
3,0.02,119.0,0.07923497
3,0.04,1.0,0.00016000
3,0.04,3.0,0.00131542
3,0.04,5.0,0.00370092
3,0.04,7.0,0.00635565
3,0.04,9.0,0.01013724
3,0.04,11.0,0.01445241
3,0.04,13.0,0.01869601
3,0.04,15.0,0.02295916
3,0.04,17.0,0.02774784
3,0.04,19.0,0.03184603
3,0.04,21.0,0.03549575
3,0.04,23.0,0.04058909
3,0.04,25.0,0.04317434
3,0.04,27.0,0.04565834
3,0.04,29.0,0.04810675
3,0.04,31.0,0.05122213
3,0.04,33.0,0.05345129
3,0.04,35.0,0.05586369
3,0.04,37.0,0.05850492
3,0.04,39.0,0.05933430
3,0.04,41.0,0.05993432
3,0.04,43.0,0.06260600
3,0.04,45.0,0.06148514
3,0.04,47.0,0.06433072
3,0.04,49.0,0.06475961
3,0.04,51.0,0.06379335
3,0.04,53.0,0.06619060
3,0.04,55.0,0.06608587
3,0.04,57.0,0.06638935
3,0.04,59.0,0.06485035
3,0.04,61.0,0.06437390
3,0.04,63.0,0.06595816
3,0.04,65.0,0.06305869
3,0.04,67.0,0.06748944
3,0.04,69.0,0.06503856
3,0.04,71.0,0.06368203
3,0.04,73.0,0.06925161
3,0.04,75.0,0.05935535
3,0.04,77.0,0.06445138
3,0.04,79.0,0.06656426
3,0.04,81.0,0.06881276
3,0.04,83.0,0.06986301
3,0.04,85.0,0.06170382
3,0.04,87.0,0.06448683
3,0.04,89.0,0.07247132
3,0.04,91.0,0.05914634
3,0.04,93.0,0.06085754
3,0.04,95.0,0.07322835
3,0.04,97.0,0.06642066
3,0.04,99.0,0.06808511
3,0.04,101.0,0.06773399
3,0.04,103.0,0.06980057
3,0.04,105.0,0.05960265
3,0.04,107.0,0.06015038
3,0.04,109.0,0.04487179
3,0.04,111.0,0.06807512
3,0.04,113.0,0.05434783
3,0.04,115.0,0.04878049
3,0.04,117.0,0.05405405
3,0.04,119.0,0.05303030
5,0.0,3.0,0.00001000
5,0.0,5.0,0.00003000
5,0.0,7.0,0.00007001
5,0.0,9.0,0.00027006
5,0.0,11.0,0.00053541
5,0.0,13.0,0.00088662
5,0.0,15.0,0.00119430
5,0.0,17.0,0.00171526
5,0.0,19.0,0.00237228
5,0.0,21.0,0.00332180
5,0.0,23.0,0.00401282
5,0.0,25.0,0.00466289
5,0.0,27.0,0.00576140
5,0.0,29.0,0.00720029
5,0.0,31.0,0.00778542
5,0.0,33.0,0.00925194
5,0.0,35.0,0.01021557
5,0.0,37.0,0.01111036
5,0.0,39.0,0.01220412
5,0.0,41.0,0.01333042
5,0.0,43.0,0.01395648
5,0.0,45.0,0.01548708
5,0.0,47.0,0.01625912
5,0.0,49.0,0.01775774
5,0.0,51.0,0.01890179
5,0.0,53.0,0.01932156
5,0.0,55.0,0.02051615
5,0.0,57.0,0.02125391
5,0.0,59.0,0.02307530
5,0.0,61.0,0.02355267
5,0.0,63.0,0.02435033
5,0.0,65.0,0.02460989
5,0.0,67.0,0.02536977
5,0.0,69.0,0.02616340
5,0.0,71.0,0.02735526
5,0.0,73.0,0.02674108
5,0.0,75.0,0.02869426
5,0.0,77.0,0.02840835
5,0.0,79.0,0.02900053
5,0.0,81.0,0.03022881
5,0.0,83.0,0.03114365
5,0.0,85.0,0.03153093
5,0.0,87.0,0.03292466
5,0.0,89.0,0.03263971
5,0.0,91.0,0.03247731
5,0.0,93.0,0.03423286
5,0.0,95.0,0.03516027
5,0.0,97.0,0.03437704
5,0.0,99.0,0.03356900
5,0.0,101.0,0.03754701
5,0.0,103.0,0.03821855
5,0.0,105.0,0.03640366
5,0.0,107.0,0.03648649
5,0.0,109.0,0.03656134
5,0.0,111.0,0.03545014
5,0.0,113.0,0.03746912
5,0.0,115.0,0.03966370
5,0.0,117.0,0.03985819
5,0.0,119.0,0.04056736
5,0.004,3.0,0.00001000
5,0.004,5.0,0.00004000
5,0.004,7.0,0.00015502
5,0.004,9.0,0.00027511
5,0.004,11.0,0.00042541
5,0.004,13.0,0.00092167
5,0.004,15.0,0.00140011
5,0.004,17.0,0.00209348
5,0.004,19.0,0.00250152
5,0.004,21.0,0.00360100
5,0.004,23.0,0.00437914
5,0.004,25.0,0.00556874
5,0.004,27.0,0.00683187
5,0.004,29.0,0.00833404
5,0.004,31.0,0.00971297
5,0.004,33.0,0.01043770
5,0.004,35.0,0.01206143
5,0.004,37.0,0.01369202
5,0.004,39.0,0.01459126
5,0.004,41.0,0.01540698
5,0.004,43.0,0.01764152
5,0.004,45.0,0.01829324
5,0.004,47.0,0.01994004
5,0.004,49.0,0.02103553
5,0.004,51.0,0.02289180
5,0.004,53.0,0.02388243
5,0.004,55.0,0.02487840
5,0.004,57.0,0.02570491
5,0.004,59.0,0.02794062
5,0.004,61.0,0.02836960
5,0.004,63.0,0.02983452
5,0.004,65.0,0.03184543
5,0.004,67.0,0.03210244
5,0.004,69.0,0.03404843
5,0.004,71.0,0.03504195
5,0.004,73.0,0.03538501
5,0.004,75.0,0.03715447
5,0.004,77.0,0.03685918
5,0.004,79.0,0.03871333
5,0.004,81.0,0.03954586
5,0.004,83.0,0.04006831
5,0.004,85.0,0.04118180
5,0.004,87.0,0.04206553
5,0.004,89.0,0.04361295
5,0.004,91.0,0.04497698
5,0.004,93.0,0.04141263
5,0.004,95.0,0.04702638
5,0.004,97.0,0.04230739
5,0.004,99.0,0.04664450
5,0.004,101.0,0.04504843
5,0.004,103.0,0.04966408
5,0.004,105.0,0.04986229
5,0.004,107.0,0.04671765
5,0.004,109.0,0.04879078
5,0.004,111.0,0.05180742
5,0.004,113.0,0.04997393
5,0.004,115.0,0.04808806
5,0.004,117.0,0.04807692
5,0.004,119.0,0.05165485
5,0.01,3.0,0.00000500
5,0.01,5.0,0.00004500
5,0.01,7.0,0.00012501
5,0.01,9.0,0.00023008
5,0.01,11.0,0.00059548
5,0.01,13.0,0.00096192
5,0.01,15.0,0.00152598
5,0.01,17.0,0.00240172
5,0.01,19.0,0.00330375
5,0.01,21.0,0.00427812
5,0.01,23.0,0.00520887
5,0.01,25.0,0.00708576
5,0.01,27.0,0.00841978
5,0.01,29.0,0.01013325
5,0.01,31.0,0.01164939
5,0.01,33.0,0.01333214
5,0.01,35.0,0.01568125
5,0.01,37.0,0.01723381
5,0.01,39.0,0.01867291
5,0.01,41.0,0.02074498
5,0.01,43.0,0.02207607
5,0.01,45.0,0.02399509
5,0.01,47.0,0.02600284
5,0.01,49.0,0.02735980
5,0.01,51.0,0.02994051
5,0.01,53.0,0.03082192
5,0.01,55.0,0.03263367
5,0.01,57.0,0.03451591
5,0.01,59.0,0.03607468
5,0.01,61.0,0.03702132
5,0.01,63.0,0.03965953
5,0.01,65.0,0.04015610
5,0.01,67.0,0.04225806
5,0.01,69.0,0.04265895
5,0.01,71.0,0.04310827
5,0.01,73.0,0.04417333
5,0.01,75.0,0.04551747
5,0.01,77.0,0.04790696
5,0.01,79.0,0.05002297
5,0.01,81.0,0.04934490
5,0.01,83.0,0.04993392
5,0.01,85.0,0.05418065
5,0.01,87.0,0.05186608
5,0.01,89.0,0.05275129
5,0.01,91.0,0.05154034
5,0.01,93.0,0.05364737
5,0.01,95.0,0.05789667
5,0.01,97.0,0.05511811
5,0.01,99.0,0.05752212
5,0.01,101.0,0.05684211
5,0.01,103.0,0.05888757
5,0.01,105.0,0.05968140
5,0.01,107.0,0.05554140
5,0.01,109.0,0.05732302
5,0.01,111.0,0.06393655
5,0.01,113.0,0.06050483
5,0.01,115.0,0.05595439
5,0.01,117.0,0.06038992
5,0.01,119.0,0.06408870
5,0.02,3.0,0.00001000
5,0.02,5.0,0.00006500
5,0.02,7.0,0.00010502
5,0.02,9.0,0.00035513
5,0.02,11.0,0.00073579
5,0.02,13.0,0.00123814
5,0.02,15.0,0.00197489
5,0.02,17.0,0.00298166
5,0.02,19.0,0.00427346
5,0.02,21.0,0.00583068
5,0.02,23.0,0.00740154
5,0.02,25.0,0.00917407
5,0.02,27.0,0.01173950
5,0.02,29.0,0.01379870
5,0.02,31.0,0.01602897
5,0.02,33.0,0.01919357
5,0.02,35.0,0.02102017
5,0.02,37.0,0.02428302
5,0.02,39.0,0.02586161
5,0.02,41.0,0.02941754
5,0.02,43.0,0.03089896
5,0.02,45.0,0.03349795
5,0.02,47.0,0.03580121
5,0.02,49.0,0.03740742
5,0.02,51.0,0.04019458
5,0.02,53.0,0.04186598
5,0.02,55.0,0.04356363
5,0.02,57.0,0.04441124
5,0.02,59.0,0.04896667
5,0.02,61.0,0.04835929
5,0.02,63.0,0.05060546
5,0.02,65.0,0.05209620
5,0.02,67.0,0.05365223
5,0.02,69.0,0.05450157
5,0.02,71.0,0.05507396
5,0.02,73.0,0.05549805
5,0.02,75.0,0.05965345
5,0.02,77.0,0.05890816
5,0.02,79.0,0.05646157
5,0.02,81.0,0.05962437
5,0.02,83.0,0.06092745
5,0.02,85.0,0.06237955
5,0.02,87.0,0.06209630
5,0.02,89.0,0.06059336
5,0.02,91.0,0.06418081
5,0.02,93.0,0.06269147
5,0.02,95.0,0.06304729
5,0.02,97.0,0.06312625
5,0.02,99.0,0.06864351
5,0.02,101.0,0.06494493
5,0.02,103.0,0.06241816
5,0.02,105.0,0.06084788
5,0.02,107.0,0.06416809
5,0.02,109.0,0.06091205
5,0.02,111.0,0.06824926
5,0.02,113.0,0.06099656
5,0.02,115.0,0.06653620
5,0.02,117.0,0.06828442
5,0.02,119.0,0.05947712
5,0.04,5.0,0.00003000
5,0.04,7.0,0.00012001
5,0.04,9.0,0.00053016
5,0.04,11.0,0.00113655
5,0.04,13.0,0.00210765
5,0.04,15.0,0.00315470
5,0.04,17.0,0.00490410
5,0.04,19.0,0.00716525
5,0.04,21.0,0.00957651
5,0.04,23.0,0.01250768
5,0.04,25.0,0.01598005
5,0.04,27.0,0.01962842
5,0.04,29.0,0.02294848
5,0.04,31.0,0.02621395
5,0.04,33.0,0.03072091
5,0.04,35.0,0.03386808
5,0.04,37.0,0.03731850
5,0.04,39.0,0.04018484
5,0.04,41.0,0.04430424
5,0.04,43.0,0.04605965
5,0.04,45.0,0.04946403
5,0.04,47.0,0.05160051
5,0.04,49.0,0.05242459
5,0.04,51.0,0.05598411
5,0.04,53.0,0.05814447
5,0.04,55.0,0.05921806
5,0.04,57.0,0.06023642
5,0.04,59.0,0.06207702
5,0.04,61.0,0.06263264
5,0.04,63.0,0.06376361
5,0.04,65.0,0.06459893
5,0.04,67.0,0.06337509
5,0.04,69.0,0.06211908
5,0.04,71.0,0.06241970
5,0.04,73.0,0.06428921
5,0.04,75.0,0.06212270
5,0.04,77.0,0.06284065
5,0.04,79.0,0.06618995
5,0.04,81.0,0.06699070
5,0.04,83.0,0.06686188
5,0.04,85.0,0.06366197
5,0.04,87.0,0.06649451
5,0.04,89.0,0.06571109
5,0.04,91.0,0.06686670
5,0.04,93.0,0.07125186
5,0.04,95.0,0.06809002
5,0.04,97.0,0.06913828
5,0.04,99.0,0.06317829
5,0.04,101.0,0.07231588
5,0.04,103.0,0.06794606
5,0.04,105.0,0.06902761
5,0.04,107.0,0.06337047
5,0.04,109.0,0.06060606
5,0.04,111.0,0.06442831
5,0.04,113.0,0.06979167
5,0.04,115.0,0.05811138
5,0.04,117.0,0.04794521
5,0.04,119.0,0.05454545
6,0.0,7.0,0.00000500
6,0.0,9.0,0.00002500
6,0.0,11.0,0.00008501
6,0.0,13.0,0.00014003
6,0.0,15.0,0.00021011
6,0.0,17.0,0.00036534
6,0.0,19.0,0.00064607
6,0.0,21.0,0.00087759
6,0.0,23.0,0.00133628
6,0.0,25.0,0.00188890
6,0.0,27.0,0.00207303
6,0.0,29.0,0.00274170
6,0.0,31.0,0.00332350
6,0.0,33.0,0.00403441
6,0.0,35.0,0.00432629
6,0.0,37.0,0.00537275
6,0.0,39.0,0.00621302
6,0.0,41.0,0.00692780
6,0.0,43.0,0.00779546
6,0.0,45.0,0.00891637
6,0.0,47.0,0.00947101
6,0.0,49.0,0.01040880
6,0.0,51.0,0.01094549
6,0.0,53.0,0.01208618
6,0.0,55.0,0.01276497
6,0.0,57.0,0.01382784
6,0.0,59.0,0.01447946
6,0.0,61.0,0.01513076
6,0.0,63.0,0.01693346
6,0.0,65.0,0.01746316
6,0.0,67.0,0.01797011
6,0.0,69.0,0.01813645
6,0.0,71.0,0.01904867
6,0.0,73.0,0.02038750
6,0.0,75.0,0.02073930
6,0.0,77.0,0.02241558
6,0.0,79.0,0.02156514
6,0.0,81.0,0.02342847
6,0.0,83.0,0.02336766
6,0.0,85.0,0.02357545
6,0.0,87.0,0.02507014
6,0.0,89.0,0.02603621
6,0.0,91.0,0.02565713
6,0.0,93.0,0.02777336
6,0.0,95.0,0.02797644
6,0.0,97.0,0.02923351
6,0.0,99.0,0.02786192
6,0.0,101.0,0.02860389
6,0.0,103.0,0.02977245
6,0.0,105.0,0.03062109
6,0.0,107.0,0.02958770
6,0.0,109.0,0.03072328
6,0.0,111.0,0.03268925
6,0.0,113.0,0.03329766
6,0.0,115.0,0.03215551
6,0.0,117.0,0.03336304
6,0.0,119.0,0.03362974
6,0.004,5.0,0.00000500
6,0.004,7.0,0.00001000
6,0.004,9.0,0.00002000
6,0.004,11.0,0.00006500
6,0.004,13.0,0.00014003
6,0.004,15.0,0.00030014
6,0.004,17.0,0.00049554
6,0.004,19.0,0.00080166
6,0.004,21.0,0.00117933
6,0.004,23.0,0.00139339
6,0.004,25.0,0.00193198
6,0.004,27.0,0.00286111
6,0.004,29.0,0.00324937
6,0.004,31.0,0.00411134
6,0.004,33.0,0.00480705
6,0.004,35.0,0.00540693
6,0.004,37.0,0.00632077
6,0.004,39.0,0.00776432
6,0.004,41.0,0.00874441
6,0.004,43.0,0.00917076
6,0.004,45.0,0.01045641
6,0.004,47.0,0.01227770
6,0.004,49.0,0.01341764
6,0.004,51.0,0.01459297
6,0.004,53.0,0.01583005
6,0.004,55.0,0.01662458
6,0.004,57.0,0.01786262
6,0.004,59.0,0.01938118
6,0.004,61.0,0.02001898
6,0.004,63.0,0.02131818
6,0.004,65.0,0.02290112
6,0.004,67.0,0.02331186
6,0.004,69.0,0.02558679
6,0.004,71.0,0.02642310
6,0.004,73.0,0.02711287
6,0.004,75.0,0.02798964
6,0.004,77.0,0.03027088
6,0.004,79.0,0.03013436
6,0.004,81.0,0.03099891
6,0.004,83.0,0.03272431
6,0.004,85.0,0.03237151
6,0.004,87.0,0.03403506
6,0.004,89.0,0.03493249
6,0.004,91.0,0.03572892
6,0.004,93.0,0.03744850
6,0.004,95.0,0.03859154
6,0.004,97.0,0.03882449
6,0.004,99.0,0.04104181
6,0.004,101.0,0.03995318
6,0.004,103.0,0.04162518
6,0.004,105.0,0.04202619
6,0.004,107.0,0.04100791
6,0.004,109.0,0.04212415
6,0.004,111.0,0.04325680
6,0.004,113.0,0.04272111
6,0.004,115.0,0.04624332
6,0.004,117.0,0.04661499
6,0.004,119.0,0.04553744
6,0.01,7.0,0.00001000
6,0.01,9.0,0.00006000
6,0.01,11.0,0.00011502
6,0.01,13.0,0.00017006
6,0.01,15.0,0.00047534
6,0.01,17.0,0.00060601
6,0.01,19.0,0.00091763
6,0.01,21.0,0.00148699
6,0.01,23.0,0.00192474
6,0.01,25.0,0.00278194
6,0.01,27.0,0.00334174
6,0.01,29.0,0.00424497
6,0.01,31.0,0.00530388
6,0.01,33.0,0.00638904
6,0.01,35.0,0.00771427
6,0.01,37.0,0.00945696
6,0.01,39.0,0.01047129
6,0.01,41.0,0.01224394
6,0.01,43.0,0.01377777
6,0.01,45.0,0.01500507
6,0.01,47.0,0.01681816
6,0.01,49.0,0.01848499
6,0.01,51.0,0.02006294
6,0.01,53.0,0.02199671
6,0.01,55.0,0.02318682
6,0.01,57.0,0.02526933
6,0.01,59.0,0.02649652
6,0.01,61.0,0.02768881
6,0.01,63.0,0.03029584
6,0.01,65.0,0.03116526
6,0.01,67.0,0.03409454
6,0.01,69.0,0.03470602
6,0.01,71.0,0.03596072
6,0.01,73.0,0.03687641
6,0.01,75.0,0.03808696
6,0.01,77.0,0.03957658
6,0.01,79.0,0.04035226
6,0.01,81.0,0.04165384
6,0.01,83.0,0.04347988
6,0.01,85.0,0.04431001
6,0.01,87.0,0.04680212
6,0.01,89.0,0.04735514
6,0.01,91.0,0.04572288
6,0.01,93.0,0.04915173
6,0.01,95.0,0.04937283
6,0.01,97.0,0.05071069
6,0.01,99.0,0.05017301
6,0.01,101.0,0.05288462
6,0.01,103.0,0.05458269
6,0.01,105.0,0.05287964
6,0.01,107.0,0.05611261
6,0.01,109.0,0.05929626
6,0.01,111.0,0.05848530
6,0.01,113.0,0.05544186
6,0.01,115.0,0.05994978
6,0.01,117.0,0.05694246
6,0.01,119.0,0.06090690
6,0.02,7.0,0.00001000
6,0.02,9.0,0.00005500
6,0.02,11.0,0.00008501
6,0.02,13.0,0.00026008
6,0.02,15.0,0.00045037
6,0.02,17.0,0.00091157
6,0.02,19.0,0.00140497
6,0.02,21.0,0.00215869
6,0.02,23.0,0.00308277
6,0.02,25.0,0.00402229
6,0.02,27.0,0.00537238
6,0.02,29.0,0.00678841
6,0.02,31.0,0.00840005
6,0.02,33.0,0.01078768
6,0.02,35.0,0.01264198
6,0.02,37.0,0.01434814
6,0.02,39.0,0.01641018
6,0.02,41.0,0.01926908
6,0.02,43.0,0.02092844
6,0.02,45.0,0.02331875
6,0.02,47.0,0.02525397
6,0.02,49.0,0.02839958
6,0.02,51.0,0.03108034
6,0.02,53.0,0.03182252
6,0.02,55.0,0.03550521
6,0.02,57.0,0.03718747
6,0.02,59.0,0.03943246
6,0.02,61.0,0.04124970
6,0.02,63.0,0.04251123
6,0.02,65.0,0.04461758
6,0.02,67.0,0.04689327
6,0.02,69.0,0.04944934
6,0.02,71.0,0.04967350
6,0.02,73.0,0.04987981
6,0.02,75.0,0.04924846
6,0.02,77.0,0.05314829
6,0.02,79.0,0.05417758
6,0.02,81.0,0.05458633
6,0.02,83.0,0.05619490
6,0.02,85.0,0.05807870
6,0.02,87.0,0.05803380
6,0.02,89.0,0.06007376
6,0.02,91.0,0.05669535
6,0.02,93.0,0.05890769
6,0.02,95.0,0.06155690
6,0.02,97.0,0.06272113
6,0.02,99.0,0.06160353
6,0.02,101.0,0.05924916
6,0.02,103.0,0.06459672
6,0.02,105.0,0.06543716
6,0.02,107.0,0.06397359
6,0.02,109.0,0.07029560
6,0.02,111.0,0.06040268
6,0.02,113.0,0.06750954
6,0.02,115.0,0.06370656
6,0.02,117.0,0.06668774
6,0.02,119.0,0.06309263
6,0.04,5.0,0.00001000
6,0.04,7.0,0.00001000
6,0.04,9.0,0.00011000
6,0.04,11.0,0.00018005
6,0.04,13.0,0.00045528
6,0.04,15.0,0.00075616
6,0.04,17.0,0.00162494
6,0.04,19.0,0.00271203
6,0.04,21.0,0.00412312
6,0.04,23.0,0.00594279
6,0.04,25.0,0.00812572
6,0.04,27.0,0.01049024
6,0.04,29.0,0.01351844
6,0.04,31.0,0.01709491
6,0.04,33.0,0.02017569
6,0.04,35.0,0.02385934
6,0.04,37.0,0.02746430
6,0.04,39.0,0.03059284
6,0.04,41.0,0.03445801
6,0.04,43.0,0.03678937
6,0.04,45.0,0.04058397
6,0.04,47.0,0.04400043
6,0.04,49.0,0.04658180
6,0.04,51.0,0.04820118
6,0.04,53.0,0.05145504
6,0.04,55.0,0.05277653
6,0.04,57.0,0.05534831
6,0.04,59.0,0.05596245
6,0.04,61.0,0.05709252
6,0.04,63.0,0.05854846
6,0.04,65.0,0.06338973
6,0.04,67.0,0.05983094
6,0.04,69.0,0.06175957
6,0.04,71.0,0.06502099
6,0.04,73.0,0.06341483
6,0.04,75.0,0.06564900
6,0.04,77.0,0.06258085
6,0.04,79.0,0.06869994
6,0.04,81.0,0.06735714
6,0.04,83.0,0.06240713
6,0.04,85.0,0.06140351
6,0.04,87.0,0.06430108
6,0.04,89.0,0.06428924
6,0.04,91.0,0.06683659
6,0.04,93.0,0.06423668
6,0.04,95.0,0.06470368
6,0.04,97.0,0.06828953
6,0.04,99.0,0.06037924
6,0.04,101.0,0.07037457
6,0.04,103.0,0.05085865
6,0.04,105.0,0.07279412
6,0.04,107.0,0.06841652
6,0.04,109.0,0.06181456
6,0.04,111.0,0.06712173
6,0.04,113.0,0.06176084
6,0.04,115.0,0.06746627
6,0.04,117.0,0.06412478
6,0.04,119.0,0.07057654
7,0.0,5.0,0.00000500
7,0.0,9.0,0.00001500
7,0.0,11.0,0.00000500
7,0.0,13.0,0.00001000
7,0.0,15.0,0.00005000
7,0.0,17.0,0.00010502
7,0.0,19.0,0.00016006
7,0.0,21.0,0.00018013
7,0.0,23.0,0.00030032
7,0.0,25.0,0.00047579
7,0.0,27.0,0.00065170
7,0.0,29.0,0.00095373
7,0.0,31.0,0.00130257
7,0.0,33.0,0.00144716
7,0.0,35.0,0.00204808
7,0.0,37.0,0.00211744
7,0.0,39.0,0.00275367
7,0.0,41.0,0.00334321
7,0.0,43.0,0.00368577
7,0.0,45.0,0.00414478
7,0.0,47.0,0.00498700
7,0.0,49.0,0.00566755
7,0.0,51.0,0.00601648
7,0.0,53.0,0.00666457
7,0.0,55.0,0.00759000
7,0.0,57.0,0.00823716
7,0.0,59.0,0.00861912
7,0.0,61.0,0.00975184
7,0.0,63.0,0.01011071
7,0.0,65.0,0.01075812
7,0.0,67.0,0.01134479
7,0.0,69.0,0.01218638
7,0.0,71.0,0.01343778
7,0.0,73.0,0.01383538
7,0.0,75.0,0.01457633
7,0.0,77.0,0.01568724
7,0.0,79.0,0.01572477
7,0.0,81.0,0.01643719
7,0.0,83.0,0.01810889
7,0.0,85.0,0.01736195
7,0.0,87.0,0.01894191
7,0.0,89.0,0.01950642
7,0.0,91.0,0.02010962
7,0.0,93.0,0.02083996
7,0.0,95.0,0.02143374
7,0.0,97.0,0.02132198
7,0.0,99.0,0.02313531
7,0.0,101.0,0.02351994
7,0.0,103.0,0.02355480
7,0.0,105.0,0.02375911
7,0.0,107.0,0.02473763
7,0.0,109.0,0.02539976
7,0.0,111.0,0.02555581
7,0.0,113.0,0.02518116
7,0.0,115.0,0.02705710
7,0.0,117.0,0.02727731
7,0.0,119.0,0.02856686
7,0.004,5.0,0.00000500
7,0.004,9.0,0.00000500
7,0.004,11.0,0.00001000
7,0.004,13.0,0.00002500
7,0.004,15.0,0.00004500
7,0.004,17.0,0.00008502
7,0.004,19.0,0.00013005
7,0.004,21.0,0.00030519
7,0.004,23.0,0.00049060
7,0.004,25.0,0.00066647
7,0.004,27.0,0.00082290
7,0.004,29.0,0.00114592
7,0.004,31.0,0.00145081
7,0.004,33.0,0.00203098
7,0.004,35.0,0.00246031
7,0.004,37.0,0.00292108
7,0.004,39.0,0.00375870
7,0.004,41.0,0.00440201
7,0.004,43.0,0.00479556
7,0.004,45.0,0.00562620
7,0.004,47.0,0.00656851
7,0.004,49.0,0.00776168
7,0.004,51.0,0.00859632
7,0.004,53.0,0.00933761
7,0.004,55.0,0.01017997
7,0.004,57.0,0.01130196
7,0.004,59.0,0.01294571
7,0.004,61.0,0.01395978
7,0.004,63.0,0.01462388
7,0.004,65.0,0.01607781
7,0.004,67.0,0.01691875
7,0.004,69.0,0.01782189
7,0.004,71.0,0.01878122
7,0.004,73.0,0.02092722
7,0.004,75.0,0.02139897
7,0.004,77.0,0.02244494
7,0.004,79.0,0.02321968
7,0.004,81.0,0.02438612
7,0.004,83.0,0.02609510
7,0.004,85.0,0.02668273
7,0.004,87.0,0.02664302
7,0.004,89.0,0.02788919
7,0.004,91.0,0.03019022
7,0.004,93.0,0.03114909
7,0.004,95.0,0.03033113
7,0.004,97.0,0.03068246
7,0.004,99.0,0.03289869
7,0.004,101.0,0.03437962
7,0.004,103.0,0.03605470
7,0.004,105.0,0.03383207
7,0.004,107.0,0.03495010
7,0.004,109.0,0.03785570
7,0.004,111.0,0.03712561
7,0.004,113.0,0.03847311
7,0.004,115.0,0.04040322
7,0.004,117.0,0.03993497
7,0.004,119.0,0.03941789
7,0.01,7.0,0.00000500
7,0.01,11.0,0.00001000
7,0.01,13.0,0.00004500
7,0.01,15.0,0.00007501
7,0.01,17.0,0.00016004
7,0.01,19.0,0.00023514
7,0.01,21.0,0.00035538
7,0.01,23.0,0.00048586
7,0.01,25.0,0.00085234
7,0.01,27.0,0.00113504
7,0.01,29.0,0.00168126
7,0.01,31.0,0.00223746
7,0.01,33.0,0.00292229
7,0.01,35.0,0.00372026
7,0.01,37.0,0.00471989
7,0.01,39.0,0.00546559
7,0.01,41.0,0.00664903
7,0.01,43.0,0.00749388
7,0.01,45.0,0.00872561
7,0.01,47.0,0.01019948
7,0.01,49.0,0.01161238
7,0.01,51.0,0.01318072
7,0.01,53.0,0.01441060
7,0.01,55.0,0.01619271
7,0.01,57.0,0.01799008
7,0.01,59.0,0.01875269
7,0.01,61.0,0.02064701
7,0.01,63.0,0.02186799
7,0.01,65.0,0.02331090
7,0.01,67.0,0.02520937
7,0.01,69.0,0.02730592
7,0.01,71.0,0.02850393
7,0.01,73.0,0.02911166
7,0.01,75.0,0.03195022
7,0.01,77.0,0.03327042
7,0.01,79.0,0.03296447
7,0.01,81.0,0.03416120
7,0.01,83.0,0.03676846
7,0.01,85.0,0.03777147
7,0.01,87.0,0.03939719
7,0.01,89.0,0.04095469
7,0.01,91.0,0.04189432
7,0.01,93.0,0.04474454
7,0.01,95.0,0.04462098
7,0.01,97.0,0.04460889
7,0.01,99.0,0.04566757
7,0.01,101.0,0.04882834
7,0.01,103.0,0.04740308
7,0.01,105.0,0.04859300
7,0.01,107.0,0.04990877
7,0.01,109.0,0.04991133
7,0.01,111.0,0.05080214
7,0.01,113.0,0.05414578
7,0.01,115.0,0.05492446
7,0.01,117.0,0.05690041
7,0.01,119.0,0.05344418
7,0.02,7.0,0.00000500
7,0.02,11.0,0.00001500
7,0.02,13.0,0.00003500
7,0.02,15.0,0.00007501
7,0.02,17.0,0.00019005
7,0.02,19.0,0.00032521
7,0.02,21.0,0.00055071
7,0.02,23.0,0.00108760
7,0.02,25.0,0.00138130
7,0.02,27.0,0.00202480
7,0.02,29.0,0.00315070
7,0.02,31.0,0.00399007
7,0.02,33.0,0.00486353
7,0.02,35.0,0.00667793
7,0.02,37.0,0.00818605
7,0.02,39.0,0.00952340
7,0.02,41.0,0.01154767
7,0.02,43.0,0.01363667
7,0.02,45.0,0.01523308
7,0.02,47.0,0.01822209
7,0.02,49.0,0.01922393
7,0.02,51.0,0.02189879
7,0.02,53.0,0.02410860
7,0.02,55.0,0.02681499
7,0.02,57.0,0.02807550
7,0.02,59.0,0.03045940
7,0.02,61.0,0.03308670
7,0.02,63.0,0.03551180
7,0.02,65.0,0.03722564
7,0.02,67.0,0.04074012
7,0.02,69.0,0.04008515
7,0.02,71.0,0.04334499
7,0.02,73.0,0.04410298
7,0.02,75.0,0.04486592
7,0.02,77.0,0.04837924
7,0.02,79.0,0.04831170
7,0.02,81.0,0.05001592
7,0.02,83.0,0.05192622
7,0.02,85.0,0.05350180
7,0.02,87.0,0.05532526
7,0.02,89.0,0.05478218
7,0.02,91.0,0.05796343
7,0.02,93.0,0.05660377
7,0.02,95.0,0.05906703
7,0.02,97.0,0.06051888
7,0.02,99.0,0.06219134
7,0.02,101.0,0.06394281
7,0.02,103.0,0.06271620
7,0.02,105.0,0.06010318
7,0.02,107.0,0.06313526
7,0.02,109.0,0.05984340
7,0.02,111.0,0.06175349
7,0.02,113.0,0.06726587
7,0.02,115.0,0.06314908
7,0.02,117.0,0.06365031
7,0.02,119.0,0.06480668
7,0.04,9.0,0.00002000
7,0.04,11.0,0.00002500
7,0.04,13.0,0.00011001
7,0.04,15.0,0.00020506
7,0.04,17.0,0.00048535
7,0.04,19.0,0.00072623
7,0.04,21.0,0.00158498
7,0.04,23.0,0.00257623
7,0.04,25.0,0.00376803
7,0.04,27.0,0.00541722
7,0.04,29.0,0.00722823
7,0.04,31.0,0.00922664
7,0.04,33.0,0.01195117
7,0.04,35.0,0.01485737
7,0.04,37.0,0.01819715
7,0.04,39.0,0.02073437
7,0.04,41.0,0.02483988
7,0.04,43.0,0.02790662
7,0.04,45.0,0.03145610
7,0.04,47.0,0.03446578
7,0.04,49.0,0.03766292
7,0.04,51.0,0.04086559
7,0.04,53.0,0.04400828
7,0.04,55.0,0.04726133
7,0.04,57.0,0.04887869
7,0.04,59.0,0.04985986
7,0.04,61.0,0.05271997
7,0.04,63.0,0.05540800
7,0.04,65.0,0.05603049
7,0.04,67.0,0.05824924
7,0.04,69.0,0.05940919
7,0.04,71.0,0.06121182
7,0.04,73.0,0.06061121
7,0.04,75.0,0.06330500
7,0.04,77.0,0.06208524
7,0.04,79.0,0.06411012
7,0.04,81.0,0.06272332
7,0.04,83.0,0.06509496
7,0.04,85.0,0.06880792
7,0.04,87.0,0.06322685
7,0.04,89.0,0.06791372
7,0.04,91.0,0.06922777
7,0.04,93.0,0.06914894
7,0.04,95.0,0.06750722
7,0.04,97.0,0.06361980
7,0.04,99.0,0.06958942
7,0.04,101.0,0.07113985
7,0.04,103.0,0.06267672
7,0.04,105.0,0.06465517
7,0.04,107.0,0.06219059
7,0.04,109.0,0.06890459
7,0.04,111.0,0.06311475
7,0.04,113.0,0.06613508
7,0.04,115.0,0.06432432
7,0.04,117.0,0.07009926
7,0.04,119.0,0.06132756
