lambda_s,cv,competing_mort,age,hazard_pop
0.0,0.0,False,0.5,5.888288997095935e-13
0.0,0.0,False,1.5,1.4095515821542816e-10
0.0,0.0,False,2.5,1.7857074242174954e-09
0.0,0.0,False,3.5,9.460978714809699e-09
0.0,0.0,False,4.5,3.27449246462508e-08
0.0,0.0,False,5.5,8.797929080596998e-08
0.0,0.0,False,6.5,1.9981099186456212e-07
0.0,0.0,False,7.5,4.0257285983534445e-07
0.0,0.0,False,8.5,7.415123495523601e-07
0.0,0.0,False,9.5,1.2738766326124035e-06
0.0,0.0,False,10.5,2.0698621664309094e-06
0.0,0.0,False,11.5,3.2134364923508434e-06
0.0,0.0,False,12.5,4.803039695581368e-06
0.0,0.0,False,13.5,6.952172649798463e-06
0.0,0.0,False,14.5,9.789878870188205e-06
0.0,0.0,False,15.5,1.3461126510235251e-05
0.0,0.0,False,16.5,1.812709675934111e-05
0.0,0.0,False,17.5,2.3965384630086636e-05
0.0,0.0,False,18.5,3.1170117865330744e-05
0.0,0.0,False,19.5,3.9951999446055495e-05
0.0,0.0,False,20.5,5.053827894063842e-05
0.0,0.0,False,21.5,6.317265770476108e-05
0.0,0.0,False,22.5,7.811513271816332e-05
0.0,0.0,False,23.5,9.56417836296481e-05
0.0,0.0,False,24.5,0.0001160445073748529
0.0,0.0,False,25.5,0.0001396307045320685
0.0,0.0,False,26.5,0.00016672292138953542
0.0,0.0,False,27.5,0.00019765845151291866
0.0,0.0,False,28.5,0.00023278890042383239
0.0,0.0,False,29.5,0.0002724797168290622
0.0,0.0,False,30.5,0.0003171096936753282
0.0,0.0,False,31.5,0.00036707044214578894
0.0,0.0,False,32.5,0.0004227658415617642
0.0,0.0,False,33.5,0.00048461146800619215
0.0,0.0,False,34.5,0.0005530340043438557
0.0,0.0,False,35.5,0.0006284706341772529
0.0,0.0,False,36.5,0.0007113684221459487
0.0,0.0,False,37.5,0.000802183682851113
0.0,0.0,False,38.5,0.0009013813405655884
0.0,0.0,False,39.5,0.0010094342817729965
0.0,0.0,False,40.5,0.0011268227024669778
0.0,0.0,False,41.5,0.0012540334520335106
0.0,0.0,False,42.5,0.001391559375435095
0.0,0.0,False,43.5,0.0015398986553154742
0.0,0.0,False,44.5,0.0016995541555471527
0.0,0.0,False,45.5,0.0018710327676512313
0.0,0.0,False,46.5,0.0020548447614299166
0.0,0.0,False,47.5,0.002251503141066166
0.0,0.0,False,48.5,0.0024615230078624973
0.0,0.0,False,49.5,0.0026854209307115282
0.0,0.0,False,50.5,0.002923714325314541
0.0,0.0,False,51.5,0.003176920843091003
0.0,0.0,False,52.5,0.003445557770651449
0.0,0.0,False,53.5,0.003730141440638385
0.0,0.0,False,54.5,0.004031186654674772
0.0,0.0,False,55.5,0.004349206119097228
0.0,0.0,False,56.5,0.004684709894090957
0.0,0.0,False,57.5,0.005038204856786019
0.0,0.0,False,58.5,0.005410194178819126
0.0,0.0,False,59.5,0.00580117681881248
0.0,0.0,False,60.5,0.006211647030170148
0.0,0.0,False,61.5,0.006642093884544159
0.0,0.0,False,62.5,0.007093000811275824
0.0,0.0,False,63.5,0.007564845153073469
0.0,0.0,False,64.5,0.008058097738145089
0.0,0.0,False,65.5,0.0085732224689641
0.0,0.0,False,66.5,0.009110675927807411
0.0,0.0,False,67.5,0.009670906999168206
0.0,0.0,False,68.5,0.010254356509110893
0.0,0.0,False,69.5,0.010861456881601724
0.0,0.0,False,70.5,0.01149263181181741
0.0,0.0,False,71.5,0.012148295956403639
0.0,0.0,False,72.5,0.012828854640626572
0.0,0.0,False,73.5,0.013534703582333996
0.0,0.0,False,74.5,0.014266228632616612
0.0,0.0,False,75.5,0.015023805533036328
0.0,0.0,False,76.5,0.015807799689265493
0.0,0.0,False,77.5,0.016618565960959775
0.0,0.0,False,78.5,0.01745644846766765
0.0,0.0,False,79.5,0.018321780410560155
0.0,0.0,False,80.5,0.019214883909748213
0.0,0.0,False,81.5,0.020136069856937493
0.0,0.0,False,82.5,0.021085637783156808
0.0,0.0,False,83.5,0.022063875741281335
0.0,0.0,False,84.5,0.02307106020306016
0.0,0.0,False,85.5,0.02410745597034497
0.0,0.0,False,86.5,0.025173316100207056
0.0,0.0,False,87.5,0.026268881843619783
0.0,0.0,False,88.5,0.027394382597374933
0.0,0.0,False,89.5,0.028550035868894336
0.0,0.0,False,90.5,0.029736047253590466
0.0,0.0,False,91.5,0.030952610424424952
0.0,0.0,False,92.5,0.03219990713330809
0.0,0.0,False,93.5,0.03347810722397874
0.0,0.0,False,94.5,0.03478736865600035
0.0,0.0,False,95.5,0.03612783753950616
0.0,0.0,False,96.5,0.037499648180325286
0.0,0.0,False,97.5,0.038902923135119
0.0,0.0,False,98.5,0.04033777327615754
0.0,0.0,False,99.5,0.041804297865365755
0.0,0.0,False,100.5,0.04330258463726909
0.0,0.0,False,101.5,0.04483270989047014
0.0,0.0,False,102.5,0.04639473858728936
0.0,0.0,False,103.5,0.04798872446120557
0.0,0.0,False,104.5,0.04961471013173379
0.0,0.0,False,105.5,0.05127272722638265
0.0,0.0,False,106.5,0.05296279650933527
0.0,0.0,False,107.5,0.05468492801650406
0.0,0.0,False,108.5,0.05643912119661159
0.0,0.0,False,109.5,0.058225365057957224
0.0,0.0,False,110.5,0.06004363832053164
0.0,0.0,False,111.5,0.06189390957314895
0.0,0.0,False,112.5,0.0637761374352712
0.0,0.0,False,113.5,0.0656902707232044
0.0,0.0,False,114.5,0.06763624862035478
0.0,0.0,False,115.5,0.06961400085123684
0.0,0.0,False,116.5,0.0716234478589337
0.0,0.0,False,117.5,0.07366450098571628
0.0,0.0,False,118.5,0.07573706265653422
0.0,0.0,False,119.5,0.07784102656510052
0.0,0.0,False,120.5,0.07997627786229561
0.0,0.0,True,0.5,5.888288997095935e-13
0.0,0.0,True,1.5,1.4095515821542816e-10
0.0,0.0,True,2.5,1.7857074242174954e-09
0.0,0.0,True,3.5,9.460978714809699e-09
0.0,0.0,True,4.5,3.27449246462508e-08
0.0,0.0,True,5.5,8.797929080596998e-08
0.0,0.0,True,6.5,1.9981099186456212e-07
0.0,0.0,True,7.5,4.0257285983534445e-07
0.0,0.0,True,8.5,7.415123495523601e-07
0.0,0.0,True,9.5,1.2738766326124035e-06
0.0,0.0,True,10.5,2.0698621664309094e-06
0.0,0.0,True,11.5,3.2134364923508434e-06
0.0,0.0,True,12.5,4.803039695581368e-06
0.0,0.0,True,13.5,6.952172649798463e-06
0.0,0.0,True,14.5,9.789878870188205e-06
0.0,0.0,True,15.5,1.3461126510235251e-05
0.0,0.0,True,16.5,1.812709675934111e-05
0.0,0.0,True,17.5,2.3965384630086636e-05
0.0,0.0,True,18.5,3.1170117865330744e-05
0.0,0.0,True,19.5,3.9951999446055495e-05
0.0,0.0,True,20.5,5.053827894063842e-05
0.0,0.0,True,21.5,6.317265770476108e-05
0.0,0.0,True,22.5,7.811513271816332e-05
0.0,0.0,True,23.5,9.56417836296481e-05
0.0,0.0,True,24.5,0.00011604450737485288
0.0,0.0,True,25.5,0.0001396307045320685
0.0,0.0,True,26.5,0.00016672292138953542
0.0,0.0,True,27.5,0.00019765845151291866
0.0,0.0,True,28.5,0.00023278890042383239
0.0,0.0,True,29.5,0.0002724797168290622
0.0,0.0,True,30.5,0.0003171096936753282
0.0,0.0,True,31.5,0.00036707044214578894
0.0,0.0,True,32.5,0.0004227658415617642
0.0,0.0,True,33.5,0.00048461146800619215
0.0,0.0,True,34.5,0.0005530340043438557
0.0,0.0,True,35.5,0.0006284706341772529
0.0,0.0,True,36.5,0.0007113684221459487
0.0,0.0,True,37.5,0.000802183682851113
0.0,0.0,True,38.5,0.0009013813405655884
0.0,0.0,True,39.5,0.0010094342817729965
0.0,0.0,True,40.5,0.001126822702466978
0.0,0.0,True,41.5,0.0012540334520335106
0.0,0.0,True,42.5,0.001391559375435095
0.0,0.0,True,43.5,0.0015398986553154742
0.0,0.0,True,44.5,0.0016995541555471527
0.0,0.0,True,45.5,0.0018710327676512311
0.0,0.0,True,46.5,0.0020548447614299166
0.0,0.0,True,47.5,0.002251503141066166
0.0,0.0,True,48.5,0.0024615230078624973
0.0,0.0,True,49.5,0.002685420930711528
0.0,0.0,True,50.5,0.002923714325314541
0.0,0.0,True,51.5,0.003176920843091003
0.0,0.0,True,52.5,0.003445557770651449
0.0,0.0,True,53.5,0.003730141440638385
0.0,0.0,True,54.5,0.004031186654674772
0.0,0.0,True,55.5,0.004349206119097228
0.0,0.0,True,56.5,0.004684709894090958
0.0,0.0,True,57.5,0.005038204856786019
0.0,0.0,True,58.5,0.005410194178819126
0.0,0.0,True,59.5,0.00580117681881248
0.0,0.0,True,60.5,0.006211647030170148
0.0,0.0,True,61.5,0.006642093884544159
0.0,0.0,True,62.5,0.007093000811275824
0.0,0.0,True,63.5,0.007564845153073469
0.0,0.0,True,64.5,0.008058097738145089
0.0,0.0,True,65.5,0.0085732224689641
0.0,0.0,True,66.5,0.009110675927807411
0.0,0.0,True,67.5,0.009670906999168206
0.0,0.0,True,68.5,0.010254356509110893
0.0,0.0,True,69.5,0.010861456881601724
0.0,0.0,True,70.5,0.01149263181181741
0.0,0.0,True,71.5,0.012148295956403639
0.0,0.0,True,72.5,0.012828854640626572
0.0,0.0,True,73.5,0.013534703582333997
0.0,0.0,True,74.5,0.014266228632616612
0.0,0.0,True,75.5,0.015023805533036328
0.0,0.0,True,76.5,0.015807799689265493
0.0,0.0,True,77.5,0.016618565960959775
0.0,0.0,True,78.5,0.01745644846766765
0.0,0.0,True,79.5,0.018321780410560155
0.0,0.0,True,80.5,0.019214883909748213
0.0,0.0,True,81.5,0.020136069856937493
0.0,0.0,True,82.5,0.021085637783156808
0.0,0.0,True,83.5,0.022063875741281335
0.0,0.0,True,84.5,0.02307106020306016
0.0,0.0,True,85.5,0.024107455970344974
0.0,0.0,True,86.5,0.025173316100207052
0.0,0.0,True,87.5,0.026268881843619786
0.0,0.0,True,88.5,0.027394382597374936
0.0,0.0,True,89.5,0.028550035868894336
0.0,0.0,True,90.5,0.029736047253590463
0.0,0.0,True,91.5,0.03095261042442495
0.0,0.0,True,92.5,0.03219990713330809
0.0,0.0,True,93.5,0.03347810722397874
0.0,0.0,True,94.5,0.03478736865600035
0.0,0.0,True,95.5,0.03612783753950616
0.0,0.0,True,96.5,0.037499648180325286
0.0,0.0,True,97.5,0.038902923135119
0.0,0.0,True,98.5,0.04033777327615754
0.0,0.0,True,99.5,0.041804297865365755
0.0,0.0,True,100.5,0.0433025846372691
0.0,0.0,True,101.5,0.04483270989047014
0.0,0.0,True,102.5,0.04639473858728936
0.0,0.0,True,103.5,0.04798872446120556
0.0,0.0,True,104.5,0.0496147101317338
0.0,0.0,True,105.5,0.05127272722638265
0.0,0.0,True,106.5,0.05296279650933527
0.0,0.0,True,107.5,0.05468492801650407
0.0,0.0,True,108.5,0.05643912119661159
0.0,0.0,True,109.5,0.058225365057957224
0.0,0.0,True,110.5,0.06004363832053164
0.0,0.0,True,111.5,0.06189390957314894
0.0,0.0,True,112.5,0.0637761374352712
0.0,0.0,True,113.5,0.0656902707232044
0.0,0.0,True,114.5,0.06763624862035478
0.0,0.0,True,115.5,0.06961400085123684
0.0,0.0,True,116.5,0.0716234478589337
0.0,0.0,True,117.5,0.07366450098571628
0.0,0.0,True,118.5,0.07573706265653422
0.0,0.0,True,119.5,0.07784102656510052
0.0,0.0,True,120.5,0.07997627786229561
0.0,0.6,False,0.5,1.925480979160255e-11
0.0,0.6,False,1.5,4.4635404147525365e-09
0.0,0.6,False,2.5,5.4772787719484633e-08
0.0,0.6,False,3.5,2.811570057880758e-07
0.0,0.6,False,4.5,9.429857238299459e-07
0.0,0.6,False,5.5,2.4555968491541635e-06
0.0,0.6,False,6.5,5.4055824584732755e-06
0.0,0.6,False,7.5,1.055586220694594e-05
0.0,0.6,False,8.5,1.8841099613196782e-05
0.0,0.6,False,9.5,3.1353430382394514e-05
0.0,0.6,False,10.5,4.9318244467001856e-05
0.0,0.6,False,11.5,7.406004235181169e-05
0.0,0.6,False,12.5,0.00010695917888523238
0.0,0.6,False,13.5,0.00014940141971632887
0.0,0.6,False,14.5,0.00020272332185524705
0.0,0.6,False,15.5,0.0002681571881079269
0.0,0.6,False,16.5,0.0003467795793600945
0.0,0.6,False,17.5,0.00043946709616589477
0.0,0.6,False,18.5,0.0005468624110009502
0.0,0.6,False,19.5,0.0006693524363413637
0.0,0.6,False,20.5,0.0008070592458744706
0.0,0.6,False,21.5,0.0009598431832832151
0.0,0.6,False,22.5,0.0011273166815358034
0.0,0.6,False,23.5,0.0013088667334934096
0.0,0.6,False,24.5,0.0015036836795450804
0.0,0.6,False,25.5,0.0017107939606475142
0.0,0.6,False,26.5,0.0019290946652412752
0.0,0.6,False,27.5,0.002157388009278181
0.0,0.6,False,28.5,0.0023944142663002398
0.0,0.6,False,29.5,0.0026388820569476883
0.0,0.6,False,30.5,0.002889495276978458
0.0,0.6,False,31.5,0.003144976266524065
0.0,0.6,False,32.5,0.003404085089302238
0.0,0.6,False,33.5,0.003665634996107725
0.0,0.6,False,34.5,0.003928504295357083
0.0,0.6,False,35.5,0.004191644951584687
0.0,0.6,False,36.5,0.004454088289071814
0.0,0.6,False,37.5,0.004714948201072284
0.0,0.6,False,38.5,0.004973422263686982
0.0,0.6,False,39.5,0.005228791134634978
0.0,0.6,False,40.5,0.005480416587049593
0.0,0.6,False,41.5,0.005727738491824116
0.0,0.6,False,42.5,0.005970271022622855
0.0,0.6,False,43.5,0.00620759831811968
0.0,0.6,False,44.5,0.006439369798166439
0.0,0.6,False,45.5,0.006665295295584954
0.0,0.6,False,46.5,0.006885140133776183
0.0,0.6,False,47.5,0.007098720252627641
0.0,0.6,False,48.5,0.007305897461285098
0.0,0.6,False,49.5,0.007506574876073094
0.0,0.6,False,50.5,0.007700692584928007
0.0,0.6,False,51.5,0.007888223565811061
0.0,0.6,False,52.5,0.008069169875335278
0.0,0.6,False,53.5,0.008243559114921884
0.0,0.6,False,54.5,0.00841144117484562
0.0,0.6,False,55.5,0.00857288525122972
0.0,0.6,False,56.5,0.008727977127127178
0.0,0.6,False,57.5,0.008876816706021546
0.0,0.6,False,58.5,0.009019515784189852
0.0,0.6,False,59.5,0.009156196047203198
0.0,0.6,False,60.5,0.009286987275245358
0.0,0.6,False,61.5,0.009412025741774044
0.0,0.6,False,62.5,0.009531452790229471
0.0,0.6,False,63.5,0.009645413573920122
0.0,0.6,False,64.5,0.009754055944819363
0.0,0.6,False,65.5,0.009857529477728345
0.0,0.6,False,66.5,0.009955984617058385
0.0,0.6,False,67.5,0.010049571934326556
0.0,0.6,False,68.5,0.010138441485308701
0.0,0.6,False,69.5,0.010222742256642978
0.0,0.6,False,70.5,0.010302621692501622
0.0,0.6,False,71.5,0.010378225292743406
0.0,0.6,False,72.5,0.0104496962747148
0.0,0.6,False,73.5,0.010517175291580666
0.0,0.6,False,74.5,0.010580800200731006
0.0,0.6,False,75.5,0.010640705876430335
0.0,0.6,False,76.5,0.010697024061449668
0.0,0.6,False,77.5,0.010749883252947902
0.0,0.6,False,78.5,0.01079940861835356
0.0,0.6,False,79.5,0.010845721937439462
0.0,0.6,False,80.5,0.010888941567184693
0.0,0.6,False,81.5,0.010929182426384871
0.0,0.6,False,82.5,0.010966555997301805
0.0,0.6,False,83.5,0.011001170341943027
0.0,0.6,False,84.5,0.01103313013083215
0.0,0.6,False,85.5,0.01106253668237309
0.0,0.6,False,86.5,0.011089488011131812
0.0,0.6,False,87.5,0.011114078883552057
0.0,0.6,False,88.5,0.011136400879801028
0.0,0.6,False,89.5,0.011156542460594639
0.0,0.6,False,90.5,0.011174589037996023
0.0,0.6,False,91.5,0.011190623049303182
0.0,0.6,False,92.5,0.011204724033256137
0.0,0.6,False,93.5,0.011216968707891711
0.0,0.6,False,94.5,0.011227431049462975
0.0,0.6,False,95.5,0.011236182371921024
0.0,0.6,False,96.5,0.011243291406521997
0.0,0.6,False,97.5,0.011248824381189343
0.0,0.6,False,98.5,0.011252845099312323
0.0,0.6,False,99.5,0.011255415017711051
0.0,0.6,False,100.5,0.0112565933235416
0.0,0.6,False,101.5,0.011256437009951568
0.0,0.6,False,102.5,0.011255000950329712
0.0,0.6,False,103.5,0.011252337971021648
0.0,0.6,False,104.5,0.01124849892241074
0.0,0.6,False,105.5,0.011243532748283235
0.0,0.6,False,106.5,0.011237486553417135
0.0,0.6,False,107.5,0.0112304056693519
0.0,0.6,False,108.5,0.01122233371830919
0.0,0.6,False,109.5,0.011213312675248019
0.0,0.6,False,110.5,0.011203382928049628
0.0,0.6,False,111.5,0.011192583335834791
0.0,0.6,False,112.5,0.011180951285425535
0.0,0.6,False,113.5,0.011168522745970102
0.0,0.6,False,114.5,0.011155332321754453
0.0,0.6,False,115.5,0.011141413303229816
0.0,0.6,False,116.5,0.011126797716288947
0.0,0.6,False,117.5,0.011111516369826355
0.0,0.6,False,118.5,0.011095598901622055
0.0,0.6,False,119.5,0.011079073822588555
0.0,0.6,False,120.5,0.011061968559423754
0.0,0.6,True,0.5,1.9254809791602678e-11
0.0,0.6,True,1.5,4.463540414752543e-09
0.0,0.6,True,2.5,5.477278771948459e-08
0.0,0.6,True,3.5,2.8115700578807596e-07
0.0,0.6,True,4.5,9.429857238299452e-07
0.0,0.6,True,5.5,2.455596849154168e-06
0.0,0.6,True,6.5,5.405582458473285e-06
0.0,0.6,True,7.5,1.055586220694601e-05
0.0,0.6,True,8.5,1.8841099613196674e-05
0.0,0.6,True,9.5,3.1353430382394426e-05
0.0,0.6,True,10.5,4.931824446700151e-05
0.0,0.6,True,11.5,7.406004235181138e-05
0.0,0.6,True,12.5,0.00010695917888523187
0.0,0.6,True,13.5,0.00014940141971632733
0.0,0.6,True,14.5,0.0002027233218552466
0.0,0.6,True,15.5,0.00026815718810792636
0.0,0.6,True,16.5,0.0003467795793600928
0.0,0.6,True,17.5,0.0004394670961658963
0.0,0.6,True,18.5,0.0005468624110009512
0.0,0.6,True,19.5,0.0006693524363413636
0.0,0.6,True,20.5,0.0008070592458744679
0.0,0.6,True,21.5,0.0009598431832832142
0.0,0.6,True,22.5,0.0011273166815357998
0.0,0.6,True,23.5,0.0013088667334934033
0.0,0.6,True,24.5,0.0015036836795450797
0.0,0.6,True,25.5,0.001710793960647513
0.0,0.6,True,26.5,0.0019290946652412784
0.0,0.6,True,27.5,0.002157388009278173
0.0,0.6,True,28.5,0.0023944142663002398
0.0,0.6,True,29.5,0.0026388820569476865
0.0,0.6,True,30.5,0.002889495276978467
0.0,0.6,True,31.5,0.0031449762665240687
0.0,0.6,True,32.5,0.0034040850893022286
0.0,0.6,True,33.5,0.003665634996107718
0.0,0.6,True,34.5,0.003928504295357084
0.0,0.6,True,35.5,0.00419164495158471
0.0,0.6,True,36.5,0.00445408828907183
0.0,0.6,True,37.5,0.004714948201072275
0.0,0.6,True,38.5,0.0049734222636869715
0.0,0.6,True,39.5,0.005228791134634959
0.0,0.6,True,40.5,0.005480416587049567
0.0,0.6,True,41.5,0.0057277384918241366
0.0,0.6,True,42.5,0.0059702710226228325
0.0,0.6,True,43.5,0.006207598318119657
0.0,0.6,True,44.5,0.006439369798166427
0.0,0.6,True,45.5,0.00666529529558497
0.0,0.6,True,46.5,0.006885140133776133
0.0,0.6,True,47.5,0.0070987202526276395
0.0,0.6,True,48.5,0.007305897461285109
0.0,0.6,True,49.5,0.007506574876073078
0.0,0.6,True,50.5,0.007700692584928051
0.0,0.6,True,51.5,0.007888223565811056
0.0,0.6,True,52.5,0.00806916987533526
0.0,0.6,True,53.5,0.0082435591149219
0.0,0.6,True,54.5,0.008411441174845614
0.0,0.6,True,55.5,0.008572885251229713
0.0,0.6,True,56.5,0.008727977127127147
0.0,0.6,True,57.5,0.008876816706021527
0.0,0.6,True,58.5,0.009019515784189839
0.0,0.6,True,59.5,0.009156196047203196
0.0,0.6,True,60.5,0.00928698727524534
0.0,0.6,True,61.5,0.009412025741774094
0.0,0.6,True,62.5,0.009531452790229461
0.0,0.6,True,63.5,0.009645413573920101
0.0,0.6,True,64.5,0.009754055944819375
0.0,0.6,True,65.5,0.009857529477728305
0.0,0.6,True,66.5,0.009955984617058426
0.0,0.6,True,67.5,0.010049571934326505
0.0,0.6,True,68.5,0.010138441485308718
0.0,0.6,True,69.5,0.010222742256642946
0.0,0.6,True,70.5,0.010302621692501615
0.0,0.6,True,71.5,0.010378225292743388
0.0,0.6,True,72.5,0.010449696274714766
0.0,0.6,True,73.5,0.010517175291580685
0.0,0.6,True,74.5,0.010580800200731022
0.0,0.6,True,75.5,0.010640705876430357
0.0,0.6,True,76.5,0.010697024061449678
0.0,0.6,True,77.5,0.01074988325294788
0.0,0.6,True,78.5,0.01079940861835356
0.0,0.6,True,79.5,0.010845721937439481
0.0,0.6,True,80.5,0.010888941567184668
0.0,0.6,True,81.5,0.010929182426384904
0.0,0.6,True,82.5,0.010966555997301841
0.0,0.6,True,83.5,0.011001170341943024
0.0,0.6,True,84.5,0.011033130130832151
0.0,0.6,True,85.5,0.01106253668237306
0.0,0.6,True,86.5,0.011089488011131764
0.0,0.6,True,87.5,0.011114078883552089
0.0,0.6,True,88.5,0.01113640087980103
0.0,0.6,True,89.5,0.011156542460594651
0.0,0.6,True,90.5,0.011174589037996011
0.0,0.6,True,91.5,0.011190623049303213
0.0,0.6,True,92.5,0.011204724033256218
0.0,0.6,True,93.5,0.011216968707891701
0.0,0.6,True,94.5,0.011227431049462975
0.0,0.6,True,95.5,0.011236182371921049
0.0,0.6,True,96.5,0.011243291406521957
0.0,0.6,True,97.5,0.011248824381189322
0.0,0.6,True,98.5,0.011252845099312297
0.0,0.6,True,99.5,0.011255415017711028
0.0,0.6,True,100.5,0.011256593323541616
0.0,0.6,True,101.5,0.011256437009951608
0.0,0.6,True,102.5,0.011255000950329748
0.0,0.6,True,103.5,0.011252337971021625
0.0,0.6,True,104.5,0.011248498922410753
0.0,0.6,True,105.5,0.01124353274828325
0.0,0.6,True,106.5,0.011237486553417135
0.0,0.6,True,107.5,0.011230405669351908
0.0,0.6,True,108.5,0.011222333718309163
0.0,0.6,True,109.5,0.011213312675247973
0.0,0.6,True,110.5,0.01120338292804962
0.0,0.6,True,111.5,0.011192583335834764
0.0,0.6,True,112.5,0.011180951285425515
0.0,0.6,True,113.5,0.011168522745970088
0.0,0.6,True,114.5,0.011155332321754424
0.0,0.6,True,115.5,0.01114141330322981
0.0,0.6,True,116.5,0.011126797716288923
0.0,0.6,True,117.5,0.011111516369826368
0.0,0.6,True,118.5,0.011095598901622027
0.0,0.6,True,119.5,0.01107907382258853
0.0,0.6,True,120.5,0.011061968559423782
0.01,0.0,False,0.5,5.888288997095935e-13
0.01,0.0,False,1.5,1.4095515821542816e-10
0.01,0.0,False,2.5,1.7857074242174954e-09
0.01,0.0,False,3.5,9.460978714809699e-09
0.01,0.0,False,4.5,3.27449246462508e-08
0.01,0.0,False,5.5,8.797929080596998e-08
0.01,0.0,False,6.5,1.9981099186456212e-07
0.01,0.0,False,7.5,4.0257285983534445e-07
0.01,0.0,False,8.5,7.415123495523601e-07
0.01,0.0,False,9.5,1.2738766326124035e-06
0.01,0.0,False,10.5,2.0698621664309094e-06
0.01,0.0,False,11.5,3.2134364923508434e-06
0.01,0.0,False,12.5,4.803039695581368e-06
0.01,0.0,False,13.5,6.952172649798463e-06
0.01,0.0,False,14.5,9.789878870188205e-06
0.01,0.0,False,15.5,1.3461126510235251e-05
0.01,0.0,False,16.5,1.812709675934111e-05
0.01,0.0,False,17.5,2.3965384630086636e-05
0.01,0.0,False,18.5,3.1170117865330744e-05
0.01,0.0,False,19.5,3.9951999446055495e-05
0.01,0.0,False,20.5,5.053827894063842e-05
0.01,0.0,False,21.5,6.317265770476108e-05
0.01,0.0,False,22.5,7.811513271816332e-05
0.01,0.0,False,23.5,9.56417836296481e-05
0.01,0.0,False,24.5,0.0001160445073748529
0.01,0.0,False,25.5,0.0001396307045320685
0.01,0.0,False,26.5,0.00016672292138953542
0.01,0.0,False,27.5,0.00019765845151291866
0.01,0.0,False,28.5,0.00023278890042383239
0.01,0.0,False,29.5,0.0002724797168290622
0.01,0.0,False,30.5,0.0003171096936753282
0.01,0.0,False,31.5,0.00036707044214578894
0.01,0.0,False,32.5,0.0004227658415617642
0.01,0.0,False,33.5,0.00048461146800619215
0.01,0.0,False,34.5,0.0005530340043438557
0.01,0.0,False,35.5,0.0006284706341772529
0.01,0.0,False,36.5,0.0007113684221459487
0.01,0.0,False,37.5,0.000802183682851113
0.01,0.0,False,38.5,0.0009013813405655884
0.01,0.0,False,39.5,0.0010094342817729965
0.01,0.0,False,40.5,0.0011268227024669778
0.01,0.0,False,41.5,0.0012540334520335106
0.01,0.0,False,42.5,0.001391559375435095
0.01,0.0,False,43.5,0.0015398986553154742
0.01,0.0,False,44.5,0.0016995541555471527
0.01,0.0,False,45.5,0.0018710327676512313
0.01,0.0,False,46.5,0.0020548447614299166
0.01,0.0,False,47.5,0.002251503141066166
0.01,0.0,False,48.5,0.0024615230078624973
0.01,0.0,False,49.5,0.0026854209307115282
0.01,0.0,False,50.5,0.0029091322392823817
0.01,0.0,False,51.5,0.003129622653702775
0.01,0.0,False,52.5,0.003360486646182603
0.01,0.0,False,53.5,0.003601844778487227
0.01,0.0,False,54.5,0.003853804290668281
0.01,0.0,False,55.5,0.004116458997113937
0.01,0.0,False,56.5,0.004389889217114838
0.01,0.0,False,57.5,0.004674161738672108
0.01,0.0,False,58.5,0.004969329814242622
0.01,0.0,False,59.5,0.005275433187092585
0.01,0.0,False,60.5,0.005592498146912333
0.01,0.0,False,61.5,0.005920537613333274
0.01,0.0,False,62.5,0.006259551245980938
0.01,0.0,False,63.5,0.006609525579696395
0.01,0.0,False,64.5,0.006970434183560742
0.01,0.0,False,65.5,0.007342237842364394
0.01,0.0,False,66.5,0.007724884759173235
0.01,0.0,False,67.5,0.008118310777657818
0.01,0.0,False,68.5,0.008522439622868994
0.01,0.0,False,69.5,0.008937183159162941
0.01,0.0,False,70.5,0.009362441664001506
0.01,0.0,False,71.5,0.009798104116378189
0.01,0.0,False,72.5,0.010244048498646819
0.01,0.0,False,73.5,0.010700142110558879
0.01,0.0,False,74.5,0.011166241894345105
0.01,0.0,False,75.5,0.011642194769708823
0.01,0.0,False,76.5,0.012127837977630966
0.01,0.0,False,77.5,0.012622999431920403
0.01,0.0,False,78.5,0.013127498077477817
0.01,0.0,False,79.5,0.013641144254276155
0.01,0.0,False,80.5,0.014163740066096997
0.01,0.0,False,81.5,0.014695079753097503
0.01,0.0,False,82.5,0.01523495006731958
0.01,0.0,False,83.5,0.01578313065028886
0.01,0.0,False,84.5,0.01633939441188816
0.01,0.0,False,85.5,0.01690350790972584
0.01,0.0,False,86.5,0.01747523172825644
0.01,0.0,False,87.5,0.018054320856946707
0.01,0.0,False,88.5,0.01864052506681566
0.01,0.0,False,89.5,0.019233589284713314
0.01,0.0,False,90.5,0.019833253964736664
0.01,0.0,False,91.5,0.020439255456216752
0.01,0.0,False,92.5,0.021051326367743865
0.01,0.0,False,93.5,0.021669195926731347
0.01,0.0,False,94.5,0.022292590334050805
0.01,0.0,False,95.5,0.0229212331133034
0.01,0.0,False,96.5,0.023554845454323143
0.01,0.0,False,97.5,0.024193146550537812
0.01,0.0,False,98.5,0.024835853929843492
0.01,0.0,False,99.5,0.025482683778676168
0.01,0.0,False,100.5,0.02613335125899321
0.01,0.0,False,101.5,0.026787570817902843
0.01,0.0,False,102.5,0.027445056489707093
0.01,0.0,False,103.5,0.02810552219014836
0.01,0.0,False,104.5,0.028768682002674066
0.01,0.0,False,105.5,0.029434250456557558
0.01,0.0,False,106.5,0.030101942796735545
0.01,0.0,False,107.5,0.030771475245244737
0.01,0.0,False,108.5,0.03144256525416003
0.01,0.0,False,109.5,0.03211493174995796
0.01,0.0,False,110.5,0.0327882953692464
0.01,0.0,False,111.5,0.03346237868582113
0.01,0.0,False,112.5,0.03413690642902672
0.01,0.0,False,113.5,0.0348116056934146
0.01,0.0,False,114.5,0.035486206139708876
0.01,0.0,False,115.5,0.03616044018710299
0.01,0.0,False,116.5,0.03683404319692584
0.01,0.0,False,117.5,0.03750675364772858
0.01,0.0,False,118.5,0.038178313301855275
0.01,0.0,False,119.5,0.03884846736357384
0.01,0.0,False,120.5,0.03951696462885191
0.01,0.0,True,0.5,5.888288997095935e-13
0.01,0.0,True,1.5,1.4095515821542816e-10
0.01,0.0,True,2.5,1.7857074242174954e-09
0.01,0.0,True,3.5,9.460978714809699e-09
0.01,0.0,True,4.5,3.27449246462508e-08
0.01,0.0,True,5.5,8.797929080596998e-08
0.01,0.0,True,6.5,1.9981099186456212e-07
0.01,0.0,True,7.5,4.0257285983534445e-07
0.01,0.0,True,8.5,7.415123495523601e-07
0.01,0.0,True,9.5,1.2738766326124035e-06
0.01,0.0,True,10.5,2.0698621664309094e-06
0.01,0.0,True,11.5,3.2134364923508434e-06
0.01,0.0,True,12.5,4.803039695581368e-06
0.01,0.0,True,13.5,6.952172649798463e-06
0.01,0.0,True,14.5,9.789878870188205e-06
0.01,0.0,True,15.5,1.3461126510235251e-05
0.01,0.0,True,16.5,1.812709675934111e-05
0.01,0.0,True,17.5,2.3965384630086636e-05
0.01,0.0,True,18.5,3.1170117865330744e-05
0.01,0.0,True,19.5,3.9951999446055495e-05
0.01,0.0,True,20.5,5.053827894063842e-05
0.01,0.0,True,21.5,6.317265770476108e-05
0.01,0.0,True,22.5,7.811513271816332e-05
0.01,0.0,True,23.5,9.56417836296481e-05
0.01,0.0,True,24.5,0.00011604450737485288
0.01,0.0,True,25.5,0.0001396307045320685
0.01,0.0,True,26.5,0.00016672292138953542
0.01,0.0,True,27.5,0.00019765845151291866
0.01,0.0,True,28.5,0.00023278890042383239
0.01,0.0,True,29.5,0.0002724797168290622
0.01,0.0,True,30.5,0.0003171096936753282
0.01,0.0,True,31.5,0.00036707044214578894
0.01,0.0,True,32.5,0.0004227658415617642
0.01,0.0,True,33.5,0.00048461146800619215
0.01,0.0,True,34.5,0.0005530340043438557
0.01,0.0,True,35.5,0.0006284706341772529
0.01,0.0,True,36.5,0.0007113684221459487
0.01,0.0,True,37.5,0.000802183682851113
0.01,0.0,True,38.5,0.0009013813405655884
0.01,0.0,True,39.5,0.0010094342817729965
0.01,0.0,True,40.5,0.001126822702466978
0.01,0.0,True,41.5,0.0012540334520335106
0.01,0.0,True,42.5,0.001391559375435095
0.01,0.0,True,43.5,0.0015398986553154742
0.01,0.0,True,44.5,0.0016995541555471527
0.01,0.0,True,45.5,0.0018710327676512311
0.01,0.0,True,46.5,0.0020548447614299166
0.01,0.0,True,47.5,0.002251503141066166
0.01,0.0,True,48.5,0.0024615230078624973
0.01,0.0,True,49.5,0.002685420930711528
0.01,0.0,True,50.5,0.002909132239282382
0.01,0.0,True,51.5,0.003129622653702775
0.01,0.0,True,52.5,0.003360486646182603
0.01,0.0,True,53.5,0.0036018447784872264
0.01,0.0,True,54.5,0.0038538042906682813
0.01,0.0,True,55.5,0.004116458997113937
0.01,0.0,True,56.5,0.004389889217114838
0.01,0.0,True,57.5,0.004674161738672108
0.01,0.0,True,58.5,0.004969329814242623
0.01,0.0,True,59.5,0.005275433187092585
0.01,0.0,True,60.5,0.005592498146912333
0.01,0.0,True,61.5,0.005920537613333273
0.01,0.0,True,62.5,0.006259551245980938
0.01,0.0,True,63.5,0.006609525579696395
0.01,0.0,True,64.5,0.006970434183560742
0.01,0.0,True,65.5,0.007342237842364393
0.01,0.0,True,66.5,0.007724884759173234
0.01,0.0,True,67.5,0.008118310777657818
0.01,0.0,True,68.5,0.008522439622868994
0.01,0.0,True,69.5,0.008937183159162941
0.01,0.0,True,70.5,0.009362441664001506
0.01,0.0,True,71.5,0.009798104116378187
0.01,0.0,True,72.5,0.010244048498646819
0.01,0.0,True,73.5,0.010700142110558879
0.01,0.0,True,74.5,0.011166241894345104
0.01,0.0,True,75.5,0.01164219476970882
0.01,0.0,True,76.5,0.012127837977630966
0.01,0.0,True,77.5,0.012622999431920403
0.01,0.0,True,78.5,0.013127498077477819
0.01,0.0,True,79.5,0.013641144254276155
0.01,0.0,True,80.5,0.014163740066096997
0.01,0.0,True,81.5,0.014695079753097503
0.01,0.0,True,82.5,0.01523495006731958
0.01,0.0,True,83.5,0.01578313065028886
0.01,0.0,True,84.5,0.01633939441188816
0.01,0.0,True,85.5,0.01690350790972584
0.01,0.0,True,86.5,0.01747523172825644
0.01,0.0,True,87.5,0.018054320856946707
0.01,0.0,True,88.5,0.01864052506681566
0.01,0.0,True,89.5,0.019233589284713314
0.01,0.0,True,90.5,0.019833253964736664
0.01,0.0,True,91.5,0.020439255456216752
0.01,0.0,True,92.5,0.021051326367743865
0.01,0.0,True,93.5,0.021669195926731347
0.01,0.0,True,94.5,0.022292590334050805
0.01,0.0,True,95.5,0.0229212331133034
0.01,0.0,True,96.5,0.023554845454323143
0.01,0.0,True,97.5,0.024193146550537815
0.01,0.0,True,98.5,0.024835853929843492
0.01,0.0,True,99.5,0.025482683778676168
0.01,0.0,True,100.5,0.026133351258993208
0.01,0.0,True,101.5,0.026787570817902843
0.01,0.0,True,102.5,0.027445056489707093
0.01,0.0,True,103.5,0.02810552219014836
0.01,0.0,True,104.5,0.028768682002674066
0.01,0.0,True,105.5,0.029434250456557558
0.01,0.0,True,106.5,0.03010194279673554
0.01,0.0,True,107.5,0.030771475245244737
0.01,0.0,True,108.5,0.03144256525416003
0.01,0.0,True,109.5,0.03211493174995796
0.01,0.0,True,110.5,0.0327882953692464
0.01,0.0,True,111.5,0.03346237868582113
0.01,0.0,True,112.5,0.03413690642902672
0.01,0.0,True,113.5,0.0348116056934146
0.01,0.0,True,114.5,0.035486206139708876
0.01,0.0,True,115.5,0.03616044018710299
0.01,0.0,True,116.5,0.03683404319692584
0.01,0.0,True,117.5,0.03750675364772858
0.01,0.0,True,118.5,0.038178313301855275
0.01,0.0,True,119.5,0.03884846736357384
0.01,0.0,True,120.5,0.03951696462885191
0.01,0.6,False,0.5,1.925480979160255e-11
0.01,0.6,False,1.5,4.4635404147525365e-09
0.01,0.6,False,2.5,5.4772787719484633e-08
0.01,0.6,False,3.5,2.811570057880758e-07
0.01,0.6,False,4.5,9.429857238299459e-07
0.01,0.6,False,5.5,2.4555968491541635e-06
0.01,0.6,False,6.5,5.4055824584732755e-06
0.01,0.6,False,7.5,1.055586220694594e-05
0.01,0.6,False,8.5,1.8841099613196782e-05
0.01,0.6,False,9.5,3.1353430382394514e-05
0.01,0.6,False,10.5,4.9318244467001856e-05
0.01,0.6,False,11.5,7.406004235181169e-05
0.01,0.6,False,12.5,0.00010695917888523238
0.01,0.6,False,13.5,0.00014940141971632887
0.01,0.6,False,14.5,0.00020272332185524705
0.01,0.6,False,15.5,0.0002681571881079269
0.01,0.6,False,16.5,0.0003467795793600945
0.01,0.6,False,17.5,0.00043946709616589477
0.01,0.6,False,18.5,0.0005468624110009502
0.01,0.6,False,19.5,0.0006693524363413637
0.01,0.6,False,20.5,0.0008070592458744706
0.01,0.6,False,21.5,0.0009598431832832151
0.01,0.6,False,22.5,0.0011273166815358034
0.01,0.6,False,23.5,0.0013088667334934096
0.01,0.6,False,24.5,0.0015036836795450804
0.01,0.6,False,25.5,0.0017107939606475142
0.01,0.6,False,26.5,0.0019290946652412752
0.01,0.6,False,27.5,0.002157388009278181
0.01,0.6,False,28.5,0.0023944142663002398
0.01,0.6,False,29.5,0.0026388820569476883
0.01,0.6,False,30.5,0.002889495276978458
0.01,0.6,False,31.5,0.003144976266524065
0.01,0.6,False,32.5,0.003404085089302238
0.01,0.6,False,33.5,0.003665634996107725
0.01,0.6,False,34.5,0.003928504295357083
0.01,0.6,False,35.5,0.004191644951584687
0.01,0.6,False,36.5,0.004454088289071814
0.01,0.6,False,37.5,0.004714948201072284
0.01,0.6,False,38.5,0.004973422263686982
0.01,0.6,False,39.5,0.005228791134634978
0.01,0.6,False,40.5,0.005480416587049593
0.01,0.6,False,41.5,0.005727738491824116
0.01,0.6,False,42.5,0.005970271022622855
0.01,0.6,False,43.5,0.00620759831811968
0.01,0.6,False,44.5,0.006439369798166439
0.01,0.6,False,45.5,0.006665295295584954
0.01,0.6,False,46.5,0.006885140133776183
0.01,0.6,False,47.5,0.007098720252627641
0.01,0.6,False,48.5,0.007305897461285098
0.01,0.6,False,49.5,0.007506574876073094
0.01,0.6,False,50.5,0.007662757752986192
0.01,0.6,False,51.5,0.007774948995280385
0.01,0.6,False,52.5,0.00788133437653093
0.01,0.6,False,53.5,0.007982018458707336
0.01,0.6,False,54.5,0.008077117702129944
0.01,0.6,False,55.5,0.00816675829612226
0.01,0.6,False,56.5,0.008251074239097966
0.01,0.6,False,57.5,0.008330205643945666
0.01,0.6,False,58.5,0.00840429724675
0.01,0.6,False,59.5,0.008473497098804062
0.01,0.6,False,60.5,0.008537955423589991
0.01,0.6,False,61.5,0.008597823621976938
0.01,0.6,False,62.5,0.008653253410331607
0.01,0.6,False,63.5,0.008704396077576403
0.01,0.6,False,64.5,0.00875140184847285
0.01,0.6,False,65.5,0.008794419341560649
0.01,0.6,False,66.5,0.008833595111253739
0.01,0.6,False,67.5,0.00886907326458182
0.01,0.6,False,68.5,0.008900995143982498
0.01,0.6,False,69.5,0.008929499068389165
0.01,0.6,False,70.5,0.008954720125633638
0.01,0.6,False,71.5,0.008976790009891426
0.01,0.6,False,72.5,0.008995836898544005
0.01,0.6,False,73.5,0.009011985363423129
0.01,0.6,False,74.5,0.009025356311939778
0.01,0.6,False,75.5,0.00903606695408503
0.01,0.6,False,76.5,0.009044230791732385
0.01,0.6,False,77.5,0.009049957627069605
0.01,0.6,False,78.5,0.009053353587345528
0.01,0.6,False,79.5,0.009054521163442115
0.01,0.6,False,80.5,0.009053559260071389
0.01,0.6,False,81.5,0.009050563255657524
0.01,0.6,False,82.5,0.009045625070197802
0.01,0.6,False,83.5,0.009038833239604213
0.01,0.6,False,84.5,0.009030272995214608
0.01,0.6,False,85.5,0.009020026347327086
0.01,0.6,False,86.5,0.00900817217176008
0.01,0.6,False,87.5,0.008994786298571521
0.01,0.6,False,88.5,0.00897994160218722
0.01,0.6,False,89.5,0.008963708092292143
0.01,0.6,False,90.5,0.008946153004929657
0.01,0.6,False,91.5,0.00892734089333465
0.01,0.6,False,92.5,0.008907333718097973
0.01,0.6,False,93.5,0.008886190936322844
0.01,0.6,False,94.5,0.008863969589488428
0.01,0.6,False,95.5,0.008840724389785677
0.01,0.6,False,96.5,0.008816507804731403
0.01,0.6,False,97.5,0.008791370139905481
0.01,0.6,False,98.5,0.008765359619687942
0.01,0.6,False,99.5,0.008738522465900242
0.01,0.6,False,100.5,0.00871090297428096
0.01,0.6,False,101.5,0.008682543588746452
0.01,0.6,False,102.5,0.008653484973406034
0.01,0.6,False,103.5,0.00862376608231586
0.01,0.6,False,104.5,0.008593424226970594
0.01,0.6,False,105.5,0.008562495141542921
0.01,0.6,False,106.5,0.0085310130458896
0.01,0.6,False,107.5,0.008499010706352807
0.01,0.6,False,108.5,0.008466519494390836
0.01,0.6,False,109.5,0.008433569443078246
0.01,0.6,False,110.5,0.0084001893015208
0.01,0.6,False,111.5,0.008366406587232405
0.01,0.6,False,112.5,0.008332247636526825
0.01,0.6,False,113.5,0.008297737652976093
0.01,0.6,False,114.5,0.008262900753991472
0.01,0.6,False,115.5,0.00822776001558292
0.01,0.6,False,116.5,0.008192337515353372
0.01,0.6,False,117.5,0.008156654373784928
0.01,0.6,False,118.5,0.00812073079387362
0.01,0.6,False,119.5,0.008084586099169767
0.01,0.6,False,120.5,0.008048238770278644
0.01,0.6,True,0.5,1.9254809791602678e-11
0.01,0.6,True,1.5,4.463540414752543e-09
0.01,0.6,True,2.5,5.477278771948459e-08
0.01,0.6,True,3.5,2.8115700578807596e-07
0.01,0.6,True,4.5,9.429857238299452e-07
0.01,0.6,True,5.5,2.455596849154168e-06
0.01,0.6,True,6.5,5.405582458473285e-06
0.01,0.6,True,7.5,1.055586220694601e-05
0.01,0.6,True,8.5,1.8841099613196674e-05
0.01,0.6,True,9.5,3.1353430382394426e-05
0.01,0.6,True,10.5,4.931824446700151e-05
0.01,0.6,True,11.5,7.406004235181138e-05
0.01,0.6,True,12.5,0.00010695917888523187
0.01,0.6,True,13.5,0.00014940141971632733
0.01,0.6,True,14.5,0.0002027233218552466
0.01,0.6,True,15.5,0.00026815718810792636
0.01,0.6,True,16.5,0.0003467795793600928
0.01,0.6,True,17.5,0.0004394670961658963
0.01,0.6,True,18.5,0.0005468624110009512
0.01,0.6,True,19.5,0.0006693524363413636
0.01,0.6,True,20.5,0.0008070592458744679
0.01,0.6,True,21.5,0.0009598431832832142
0.01,0.6,True,22.5,0.0011273166815357998
0.01,0.6,True,23.5,0.0013088667334934033
0.01,0.6,True,24.5,0.0015036836795450797
0.01,0.6,True,25.5,0.001710793960647513
0.01,0.6,True,26.5,0.0019290946652412784
0.01,0.6,True,27.5,0.002157388009278173
0.01,0.6,True,28.5,0.0023944142663002398
0.01,0.6,True,29.5,0.0026388820569476865
0.01,0.6,True,30.5,0.002889495276978467
0.01,0.6,True,31.5,0.0031449762665240687
0.01,0.6,True,32.5,0.0034040850893022286
0.01,0.6,True,33.5,0.003665634996107718
0.01,0.6,True,34.5,0.003928504295357084
0.01,0.6,True,35.5,0.00419164495158471
0.01,0.6,True,36.5,0.00445408828907183
0.01,0.6,True,37.5,0.004714948201072275
0.01,0.6,True,38.5,0.0049734222636869715
0.01,0.6,True,39.5,0.005228791134634959
0.01,0.6,True,40.5,0.005480416587049567
0.01,0.6,True,41.5,0.0057277384918241366
0.01,0.6,True,42.5,0.0059702710226228325
0.01,0.6,True,43.5,0.006207598318119657
0.01,0.6,True,44.5,0.006439369798166427
0.01,0.6,True,45.5,0.00666529529558497
0.01,0.6,True,46.5,0.006885140133776133
0.01,0.6,True,47.5,0.0070987202526276395
0.01,0.6,True,48.5,0.007305897461285109
0.01,0.6,True,49.5,0.007506574876073078
0.01,0.6,True,50.5,0.007662757752986159
0.01,0.6,True,51.5,0.007774948995280427
0.01,0.6,True,52.5,0.007881334376530953
0.01,0.6,True,53.5,0.007982018458707302
0.01,0.6,True,54.5,0.008077117702129911
0.01,0.6,True,55.5,0.008166758296122265
0.01,0.6,True,56.5,0.00825107423909794
0.01,0.6,True,57.5,0.008330205643945633
0.01,0.6,True,58.5,0.008404297246750025
0.01,0.6,True,59.5,0.008473497098804078
0.01,0.6,True,60.5,0.008537955423590015
0.01,0.6,True,61.5,0.008597823621976947
0.01,0.6,True,62.5,0.008653253410331626
0.01,0.6,True,63.5,0.008704396077576447
0.01,0.6,True,64.5,0.00875140184847283
0.01,0.6,True,65.5,0.008794419341560663
0.01,0.6,True,66.5,0.008833595111253737
0.01,0.6,True,67.5,0.00886907326458185
0.01,0.6,True,68.5,0.008900995143982453
0.01,0.6,True,69.5,0.008929499068389102
0.01,0.6,True,70.5,0.008954720125633689
0.01,0.6,True,71.5,0.008976790009891508
0.01,0.6,True,72.5,0.00899583689854396
0.01,0.6,True,73.5,0.009011985363423094
0.01,0.6,True,74.5,0.009025356311939773
0.01,0.6,True,75.5,0.009036066954085039
0.01,0.6,True,76.5,0.009044230791732425
0.01,0.6,True,77.5,0.00904995762706961
0.01,0.6,True,78.5,0.009053353587345547
0.01,0.6,True,79.5,0.009054521163442093
0.01,0.6,True,80.5,0.009053559260071384
0.01,0.6,True,81.5,0.009050563255657553
0.01,0.6,True,82.5,0.009045625070197807
0.01,0.6,True,83.5,0.009038833239604208
0.01,0.6,True,84.5,0.009030272995214566
0.01,0.6,True,85.5,0.009020026347327103
0.01,0.6,True,86.5,0.009008172171760113
0.01,0.6,True,87.5,0.008994786298571528
0.01,0.6,True,88.5,0.00897994160218719
0.01,0.6,True,89.5,0.008963708092292109
0.01,0.6,True,90.5,0.008946153004929656
0.01,0.6,True,91.5,0.008927340893334653
0.01,0.6,True,92.5,0.008907333718098003
0.01,0.6,True,93.5,0.008886190936322863
0.01,0.6,True,94.5,0.008863969589488438
0.01,0.6,True,95.5,0.008840724389785682
0.01,0.6,True,96.5,0.008816507804731363
0.01,0.6,True,97.5,0.00879137013990547
0.01,0.6,True,98.5,0.008765359619687928
0.01,0.6,True,99.5,0.008738522465900265
0.01,0.6,True,100.5,0.008710902974280945
0.01,0.6,True,101.5,0.008682543588746481
0.01,0.6,True,102.5,0.008653484973406046
0.01,0.6,True,103.5,0.008623766082315819
0.01,0.6,True,104.5,0.00859342422697061
0.01,0.6,True,105.5,0.008562495141542916
0.01,0.6,True,106.5,0.008531013045889612
0.01,0.6,True,107.5,0.008499010706352813
0.01,0.6,True,108.5,0.008466519494390827
0.01,0.6,True,109.5,0.008433569443078224
0.01,0.6,True,110.5,0.00840018930152079
0.01,0.6,True,111.5,0.008366406587232388
0.01,0.6,True,112.5,0.008332247636526822
0.01,0.6,True,113.5,0.008297737652976058
0.01,0.6,True,114.5,0.008262900753991428
0.01,0.6,True,115.5,0.008227760015582926
0.01,0.6,True,116.5,0.00819233751535338
0.01,0.6,True,117.5,0.008156654373784907
0.01,0.6,True,118.5,0.008120730793873638
0.01,0.6,True,119.5,0.008084586099169786
0.01,0.6,True,120.5,0.008048238770278649
0.02,0.0,False,0.5,5.888288997095935e-13
0.02,0.0,False,1.5,1.4095515821542816e-10
0.02,0.0,False,2.5,1.7857074242174954e-09
0.02,0.0,False,3.5,9.460978714809699e-09
0.02,0.0,False,4.5,3.27449246462508e-08
0.02,0.0,False,5.5,8.797929080596998e-08
0.02,0.0,False,6.5,1.9981099186456212e-07
0.02,0.0,False,7.5,4.0257285983534445e-07
0.02,0.0,False,8.5,7.415123495523601e-07
0.02,0.0,False,9.5,1.2738766326124035e-06
0.02,0.0,False,10.5,2.0698621664309094e-06
0.02,0.0,False,11.5,3.2134364923508434e-06
0.02,0.0,False,12.5,4.803039695581368e-06
0.02,0.0,False,13.5,6.952172649798463e-06
0.02,0.0,False,14.5,9.789878870188205e-06
0.02,0.0,False,15.5,1.3461126510235251e-05
0.02,0.0,False,16.5,1.812709675934111e-05
0.02,0.0,False,17.5,2.3965384630086636e-05
0.02,0.0,False,18.5,3.1170117865330744e-05
0.02,0.0,False,19.5,3.9951999446055495e-05
0.02,0.0,False,20.5,5.053827894063842e-05
0.02,0.0,False,21.5,6.317265770476108e-05
0.02,0.0,False,22.5,7.811513271816332e-05
0.02,0.0,False,23.5,9.56417836296481e-05
0.02,0.0,False,24.5,0.0001160445073748529
0.02,0.0,False,25.5,0.0001396307045320685
0.02,0.0,False,26.5,0.00016672292138953542
0.02,0.0,False,27.5,0.00019765845151291866
0.02,0.0,False,28.5,0.00023278890042383239
0.02,0.0,False,29.5,0.0002724797168290622
0.02,0.0,False,30.5,0.0003171096936753282
0.02,0.0,False,31.5,0.00036707044214578894
0.02,0.0,False,32.5,0.0004227658415617642
0.02,0.0,False,33.5,0.00048461146800619215
0.02,0.0,False,34.5,0.0005530340043438557
0.02,0.0,False,35.5,0.0006284706341772529
0.02,0.0,False,36.5,0.0007113684221459487
0.02,0.0,False,37.5,0.000802183682851113
0.02,0.0,False,38.5,0.0009013813405655884
0.02,0.0,False,39.5,0.0010094342817729965
0.02,0.0,False,40.5,0.0011268227024669778
0.02,0.0,False,41.5,0.0012540334520335106
0.02,0.0,False,42.5,0.001391559375435095
0.02,0.0,False,43.5,0.0015398986553154742
0.02,0.0,False,44.5,0.0016995541555471527
0.02,0.0,False,45.5,0.0018710327676512313
0.02,0.0,False,46.5,0.0020548447614299166
0.02,0.0,False,47.5,0.002251503141066166
0.02,0.0,False,48.5,0.0024615230078624973
0.02,0.0,False,49.5,0.0026854209307115282
0.02,0.0,False,50.5,0.002894622881707722
0.02,0.0,False,51.5,0.003083028642614825
0.02,0.0,False,52.5,0.003277515935260741
0.02,0.0,False,53.5,0.0034779608266263004
0.02,0.0,False,54.5,0.003684227197356472
0.02,0.0,False,55.5,0.0038961673029278346
0.02,0.0,False,56.5,0.004113622353189617
0.02,0.0,False,57.5,0.004336423107099192
0.02,0.0,False,58.5,0.00456439047962426
0.02,0.0,False,59.5,0.004797336157937478
0.02,0.0,False,60.5,0.005035063224183422
0.02,0.0,False,61.5,0.005277366782252235
0.02,0.0,False,62.5,0.005524034586147722
0.02,0.0,False,63.5,0.005774847667689818
0.02,0.0,False,64.5,0.006029580961441212
0.02,0.0,False,65.5,0.006288003924895406
0.02,0.0,False,66.5,0.006549881152107683
0.02,0.0,False,67.5,0.006814972979091179
0.02,0.0,False,68.5,0.007083036079437514
0.02,0.0,False,69.5,0.007353824048753845
0.02,0.0,False,70.5,0.007627087976637245
0.02,0.0,False,71.5,0.007902577005031058
0.02,0.0,False,72.5,0.00818003887192713
0.02,0.0,False,73.5,0.008459220439492744
0.02,0.0,False,74.5,0.00873986820581039
0.02,0.0,False,75.5,0.009021728799523572
0.02,0.0,False,76.5,0.009304549456781627
0.02,0.0,False,77.5,0.009588078479971352
0.02,0.0,False,78.5,0.00987206567781361
0.02,0.0,False,79.5,0.010156262786487694
0.02,0.0,False,80.5,0.010440423871527315
0.02,0.0,False,81.5,0.010724305710307034
0.02,0.0,False,82.5,0.011007668155009523
0.02,0.0,False,83.5,0.011290274476030067
0.02,0.0,False,84.5,0.011571891685837226
0.02,0.0,False,85.5,0.011852290843365807
0.02,0.0,False,86.5,0.012131247339072213
0.02,0.0,False,87.5,0.012408541160831708
0.02,0.0,False,88.5,0.01268395714090228
0.02,0.0,False,89.5,0.012957285184222265
0.02,0.0,False,90.5,0.013228320478346255
0.02,0.0,False,91.5,0.013496863685359024
0.02,0.0,False,92.5,0.013762721116138193
0.02,0.0,False,93.5,0.014025704887364467
0.02,0.0,False,94.5,0.014285633061703175
0.02,0.0,False,95.5,0.01454232977160298
0.02,0.0,False,96.5,0.014795625327176997
0.02,0.0,False,97.5,0.015045356308647713
0.02,0.0,False,98.5,0.01529136564385189
0.02,0.0,False,99.5,0.015533502671312576
0.02,0.0,False,100.5,0.015771623189395675
0.02,0.0,False,101.5,0.016005589492075097
0.02,0.0,False,102.5,0.0162352703918365
0.02,0.0,False,103.5,0.016460541230252944
0.02,0.0,False,104.5,0.016681283876767473
0.02,0.0,False,105.5,0.016897386716218227
0.02,0.0,False,106.5,0.017108744625639702
0.02,0.0,False,107.5,0.01731525894087192
0.02,0.0,False,108.5,0.017516837413504342
0.02,0.0,False,109.5,0.017713394158677048
0.02,0.0,False,110.5,0.017904849594254667
0.02,0.0,False,111.5,0.018091130371881727
0.02,0.0,False,112.5,0.01827216930041994
0.02,0.0,False,113.5,0.018447905262258313
0.02,0.0,False,114.5,0.01861828312297824
0.02,0.0,False,115.5,0.01878325363484436
0.02,0.0,False,116.5,0.01894277333458152
0.02,0.0,False,117.5,0.01909680443588662
0.02,0.0,False,118.5,0.01924531471711184
0.02,0.0,False,119.5,0.01938827740454418
0.02,0.0,False,120.5,0.019525671051692405
0.02,0.0,True,0.5,5.888288997095935e-13
0.02,0.0,True,1.5,1.4095515821542816e-10
0.02,0.0,True,2.5,1.7857074242174954e-09
0.02,0.0,True,3.5,9.460978714809699e-09
0.02,0.0,True,4.5,3.27449246462508e-08
0.02,0.0,True,5.5,8.797929080596998e-08
0.02,0.0,True,6.5,1.9981099186456212e-07
0.02,0.0,True,7.5,4.0257285983534445e-07
0.02,0.0,True,8.5,7.415123495523601e-07
0.02,0.0,True,9.5,1.2738766326124035e-06
0.02,0.0,True,10.5,2.0698621664309094e-06
0.02,0.0,True,11.5,3.2134364923508434e-06
0.02,0.0,True,12.5,4.803039695581368e-06
0.02,0.0,True,13.5,6.952172649798463e-06
0.02,0.0,True,14.5,9.789878870188205e-06
0.02,0.0,True,15.5,1.3461126510235251e-05
0.02,0.0,True,16.5,1.812709675934111e-05
0.02,0.0,True,17.5,2.3965384630086636e-05
0.02,0.0,True,18.5,3.1170117865330744e-05
0.02,0.0,True,19.5,3.9951999446055495e-05
0.02,0.0,True,20.5,5.053827894063842e-05
0.02,0.0,True,21.5,6.317265770476108e-05
0.02,0.0,True,22.5,7.811513271816332e-05
0.02,0.0,True,23.5,9.56417836296481e-05
0.02,0.0,True,24.5,0.00011604450737485288
0.02,0.0,True,25.5,0.0001396307045320685
0.02,0.0,True,26.5,0.00016672292138953542
0.02,0.0,True,27.5,0.00019765845151291866
0.02,0.0,True,28.5,0.00023278890042383239
0.02,0.0,True,29.5,0.0002724797168290622
0.02,0.0,True,30.5,0.0003171096936753282
0.02,0.0,True,31.5,0.00036707044214578894
0.02,0.0,True,32.5,0.0004227658415617642
0.02,0.0,True,33.5,0.00048461146800619215
0.02,0.0,True,34.5,0.0005530340043438557
0.02,0.0,True,35.5,0.0006284706341772529
0.02,0.0,True,36.5,0.0007113684221459487
0.02,0.0,True,37.5,0.000802183682851113
0.02,0.0,True,38.5,0.0009013813405655884
0.02,0.0,True,39.5,0.0010094342817729965
0.02,0.0,True,40.5,0.001126822702466978
0.02,0.0,True,41.5,0.0012540334520335106
0.02,0.0,True,42.5,0.001391559375435095
0.02,0.0,True,43.5,0.0015398986553154742
0.02,0.0,True,44.5,0.0016995541555471527
0.02,0.0,True,45.5,0.0018710327676512311
0.02,0.0,True,46.5,0.0020548447614299166
0.02,0.0,True,47.5,0.002251503141066166
0.02,0.0,True,48.5,0.0024615230078624973
0.02,0.0,True,49.5,0.002685420930711528
0.02,0.0,True,50.5,0.002894622881707722
0.02,0.0,True,51.5,0.003083028642614825
0.02,0.0,True,52.5,0.003277515935260741
0.02,0.0,True,53.5,0.0034779608266263004
0.02,0.0,True,54.5,0.003684227197356472
0.02,0.0,True,55.5,0.0038961673029278346
0.02,0.0,True,56.5,0.004113622353189617
0.02,0.0,True,57.5,0.004336423107099192
0.02,0.0,True,58.5,0.00456439047962426
0.02,0.0,True,59.5,0.004797336157937478
0.02,0.0,True,60.5,0.005035063224183422
0.02,0.0,True,61.5,0.005277366782252235
0.02,0.0,True,62.5,0.005524034586147722
0.02,0.0,True,63.5,0.00577484766768982
0.02,0.0,True,64.5,0.006029580961441212
0.02,0.0,True,65.5,0.006288003924895405
0.02,0.0,True,66.5,0.006549881152107682
0.02,0.0,True,67.5,0.0068149729790911795
0.02,0.0,True,68.5,0.007083036079437513
0.02,0.0,True,69.5,0.007353824048753846
0.02,0.0,True,70.5,0.0076270879766372444
0.02,0.0,True,71.5,0.007902577005031058
0.02,0.0,True,72.5,0.00818003887192713
0.02,0.0,True,73.5,0.008459220439492744
0.02,0.0,True,74.5,0.00873986820581039
0.02,0.0,True,75.5,0.009021728799523572
0.02,0.0,True,76.5,0.009304549456781627
0.02,0.0,True,77.5,0.009588078479971352
0.02,0.0,True,78.5,0.00987206567781361
0.02,0.0,True,79.5,0.010156262786487694
0.02,0.0,True,80.5,0.010440423871527315
0.02,0.0,True,81.5,0.010724305710307034
0.02,0.0,True,82.5,0.011007668155009524
0.02,0.0,True,83.5,0.011290274476030066
0.02,0.0,True,84.5,0.011571891685837226
0.02,0.0,True,85.5,0.011852290843365807
0.02,0.0,True,86.5,0.012131247339072214
0.02,0.0,True,87.5,0.01240854116083171
0.02,0.0,True,88.5,0.01268395714090228
0.02,0.0,True,89.5,0.012957285184222265
0.02,0.0,True,90.5,0.013228320478346253
0.02,0.0,True,91.5,0.013496863685359023
0.02,0.0,True,92.5,0.013762721116138193
0.02,0.0,True,93.5,0.014025704887364467
0.02,0.0,True,94.5,0.014285633061703173
0.02,0.0,True,95.5,0.014542329771602983
0.02,0.0,True,96.5,0.014795625327176999
0.02,0.0,True,97.5,0.015045356308647713
0.02,0.0,True,98.5,0.01529136564385189
0.02,0.0,True,99.5,0.015533502671312574
0.02,0.0,True,100.5,0.015771623189395675
0.02,0.0,True,101.5,0.016005589492075097
0.02,0.0,True,102.5,0.0162352703918365
0.02,0.0,True,103.5,0.016460541230252944
0.02,0.0,True,104.5,0.016681283876767473
0.02,0.0,True,105.5,0.016897386716218227
0.02,0.0,True,106.5,0.017108744625639702
0.02,0.0,True,107.5,0.01731525894087192
0.02,0.0,True,108.5,0.017516837413504342
0.02,0.0,True,109.5,0.017713394158677048
0.02,0.0,True,110.5,0.017904849594254667
0.02,0.0,True,111.5,0.018091130371881727
0.02,0.0,True,112.5,0.018272169300419937
0.02,0.0,True,113.5,0.018447905262258313
0.02,0.0,True,114.5,0.01861828312297824
0.02,0.0,True,115.5,0.018783253634844364
0.02,0.0,True,116.5,0.018942773334581522
0.02,0.0,True,117.5,0.01909680443588662
0.02,0.0,True,118.5,0.01924531471711184
0.02,0.0,True,119.5,0.019388277404544182
0.02,0.0,True,120.5,0.019525671051692402
0.02,0.6,False,0.5,1.925480979160255e-11
0.02,0.6,False,1.5,4.4635404147525365e-09
0.02,0.6,False,2.5,5.4772787719484633e-08
0.02,0.6,False,3.5,2.811570057880758e-07
0.02,0.6,False,4.5,9.429857238299459e-07
0.02,0.6,False,5.5,2.4555968491541635e-06
0.02,0.6,False,6.5,5.4055824584732755e-06
0.02,0.6,False,7.5,1.055586220694594e-05
0.02,0.6,False,8.5,1.8841099613196782e-05
0.02,0.6,False,9.5,3.1353430382394514e-05
0.02,0.6,False,10.5,4.9318244467001856e-05
0.02,0.6,False,11.5,7.406004235181169e-05
0.02,0.6,False,12.5,0.00010695917888523238
0.02,0.6,False,13.5,0.00014940141971632887
0.02,0.6,False,14.5,0.00020272332185524705
0.02,0.6,False,15.5,0.0002681571881079269
0.02,0.6,False,16.5,0.0003467795793600945
0.02,0.6,False,17.5,0.00043946709616589477
0.02,0.6,False,18.5,0.0005468624110009502
0.02,0.6,False,19.5,0.0006693524363413637
0.02,0.6,False,20.5,0.0008070592458744706
0.02,0.6,False,21.5,0.0009598431832832151
0.02,0.6,False,22.5,0.0011273166815358034
0.02,0.6,False,23.5,0.0013088667334934096
0.02,0.6,False,24.5,0.0015036836795450804
0.02,0.6,False,25.5,0.0017107939606475142
0.02,0.6,False,26.5,0.0019290946652412752
0.02,0.6,False,27.5,0.002157388009278181
0.02,0.6,False,28.5,0.0023944142663002398
0.02,0.6,False,29.5,0.0026388820569476883
0.02,0.6,False,30.5,0.002889495276978458
0.02,0.6,False,31.5,0.003144976266524065
0.02,0.6,False,32.5,0.003404085089302238
0.02,0.6,False,33.5,0.003665634996107725
0.02,0.6,False,34.5,0.003928504295357083
0.02,0.6,False,35.5,0.004191644951584687
0.02,0.6,False,36.5,0.004454088289071814
0.02,0.6,False,37.5,0.004714948201072284
0.02,0.6,False,38.5,0.004973422263686982
0.02,0.6,False,39.5,0.005228791134634978
0.02,0.6,False,40.5,0.005480416587049593
0.02,0.6,False,41.5,0.005727738491824116
0.02,0.6,False,42.5,0.005970271022622855
0.02,0.6,False,43.5,0.00620759831811968
0.02,0.6,False,44.5,0.006439369798166439
0.02,0.6,False,45.5,0.006665295295584954
0.02,0.6,False,46.5,0.006885140133776183
0.02,0.6,False,47.5,0.007098720252627641
0.02,0.6,False,48.5,0.007305897461285098
0.02,0.6,False,49.5,0.007506574876073094
0.02,0.6,False,50.5,0.00762500748630847
0.02,0.6,False,51.5,0.00766326041372945
0.02,0.6,False,52.5,0.007697701699618001
0.02,0.6,False,53.5,0.007728343908459368
0.02,0.6,False,54.5,0.007755224711654792
0.02,0.6,False,55.5,0.00777840179895667
0.02,0.6,False,56.5,0.007797948715943434
0.02,0.6,False,57.5,0.0078139514412829
0.02,0.6,False,58.5,0.007826505560858047
0.02,0.6,False,59.5,0.007835713927678005
0.02,0.6,False,60.5,0.007841684720224644
0.02,0.6,False,61.5,0.007844529829793459
0.02,0.6,False,62.5,0.007844363521068373
0.02,0.6,False,63.5,0.007841301320746395
0.02,0.6,False,64.5,0.007835459097292021
0.02,0.6,False,65.5,0.00782695230143055
0.02,0.6,False,66.5,0.007815895342194875
0.02,0.6,False,67.5,0.007802401077529979
0.02,0.6,False,68.5,0.007786580401863457
0.02,0.6,False,69.5,0.007768541915829516
0.02,0.6,False,70.5,0.007748391665629915
0.02,0.6,False,71.5,0.00772623294141559
0.02,0.6,False,72.5,0.00770216612565972
0.02,0.6,False,73.5,0.007676288583823794
0.02,0.6,False,74.5,0.007648694590739086
0.02,0.6,False,75.5,0.007619475287076257
0.02,0.6,False,76.5,0.007588718661080484
0.02,0.6,False,77.5,0.007556509551437332
0.02,0.6,False,78.5,0.007522929667722242
0.02,0.6,False,79.5,0.007488057625388518
0.02,0.6,False,80.5,0.007451968992681198
0.02,0.6,False,81.5,0.0074147363472368815
0.02,0.6,False,82.5,0.007376429340447593
0.02,0.6,False,83.5,0.007337114767944609
0.02,0.6,False,84.5,0.007296856644797038
0.02,0.6,False,85.5,0.007255716284223274
0.02,0.6,False,86.5,0.0072137523787957885
0.02,0.6,False,87.5,0.007171021083269699
0.02,0.6,False,88.5,0.007127576098301966
0.02,0.6,False,89.5,0.00708346875444192
0.02,0.6,False,90.5,0.007038748095873499
0.02,0.6,False,91.5,0.006993460963476388
0.02,0.6,False,92.5,0.00694765207684807
0.02,0.6,False,93.5,0.006901364114990922
0.02,0.6,False,94.5,0.00685463779542711
0.02,0.6,False,95.5,0.006807511951549171
0.02,0.6,False,96.5,0.006760023608055958
0.02,0.6,False,97.5,0.006712208054359493
0.02,0.6,False,98.5,0.006664098915877341
0.02,0.6,False,99.5,0.006615728223151214
0.02,0.6,False,100.5,0.006567126478754771
0.02,0.6,False,101.5,0.0065183227219712805
0.02,0.6,False,102.5,0.00646934459123861
0.02,0.6,False,103.5,0.006420218384370232
0.02,0.6,False,104.5,0.0063709691165746716
0.02,0.6,False,105.5,0.006321620576302141
0.02,0.6,False,106.5,0.006272195378955742
0.02,0.6,False,107.5,0.0062227150185115996
0.02,0.6,False,108.5,0.006173199917094864
0.02,0.6,False,109.5,0.006123669472564375
0.02,0.6,False,110.5,0.0060741421041602475
0.02,0.6,False,111.5,0.006024635296271929
0.02,0.6,False,112.5,0.005975165640384061
0.02,0.6,False,113.5,0.005925748875260358
0.02,0.6,False,114.5,0.005876399925424303
0.02,0.6,False,115.5,0.005827132937996869
0.02,0.6,False,116.5,0.005777961317949847
0.02,0.6,False,117.5,0.005728897761833981
0.02,0.6,False,118.5,0.005679954290039302
0.02,0.6,False,119.5,0.0056311422776445
0.02,0.6,False,120.5,0.005582472483911041
0.02,0.6,True,0.5,1.9254809791602678e-11
0.02,0.6,True,1.5,4.463540414752543e-09
0.02,0.6,True,2.5,5.477278771948459e-08
0.02,0.6,True,3.5,2.8115700578807596e-07
0.02,0.6,True,4.5,9.429857238299452e-07
0.02,0.6,True,5.5,2.455596849154168e-06
0.02,0.6,True,6.5,5.405582458473285e-06
0.02,0.6,True,7.5,1.055586220694601e-05
0.02,0.6,True,8.5,1.8841099613196674e-05
0.02,0.6,True,9.5,3.1353430382394426e-05
0.02,0.6,True,10.5,4.931824446700151e-05
0.02,0.6,True,11.5,7.406004235181138e-05
0.02,0.6,True,12.5,0.00010695917888523187
0.02,0.6,True,13.5,0.00014940141971632733
0.02,0.6,True,14.5,0.0002027233218552466
0.02,0.6,True,15.5,0.00026815718810792636
0.02,0.6,True,16.5,0.0003467795793600928
0.02,0.6,True,17.5,0.0004394670961658963
0.02,0.6,True,18.5,0.0005468624110009512
0.02,0.6,True,19.5,0.0006693524363413636
0.02,0.6,True,20.5,0.0008070592458744679
0.02,0.6,True,21.5,0.0009598431832832142
0.02,0.6,True,22.5,0.0011273166815357998
0.02,0.6,True,23.5,0.0013088667334934033
0.02,0.6,True,24.5,0.0015036836795450797
0.02,0.6,True,25.5,0.001710793960647513
0.02,0.6,True,26.5,0.0019290946652412784
0.02,0.6,True,27.5,0.002157388009278173
0.02,0.6,True,28.5,0.0023944142663002398
0.02,0.6,True,29.5,0.0026388820569476865
0.02,0.6,True,30.5,0.002889495276978467
0.02,0.6,True,31.5,0.0031449762665240687
0.02,0.6,True,32.5,0.0034040850893022286
0.02,0.6,True,33.5,0.003665634996107718
0.02,0.6,True,34.5,0.003928504295357084
0.02,0.6,True,35.5,0.00419164495158471
0.02,0.6,True,36.5,0.00445408828907183
0.02,0.6,True,37.5,0.004714948201072275
0.02,0.6,True,38.5,0.0049734222636869715
0.02,0.6,True,39.5,0.005228791134634959
0.02,0.6,True,40.5,0.005480416587049567
0.02,0.6,True,41.5,0.0057277384918241366
0.02,0.6,True,42.5,0.0059702710226228325
0.02,0.6,True,43.5,0.006207598318119657
0.02,0.6,True,44.5,0.006439369798166427
0.02,0.6,True,45.5,0.00666529529558497
0.02,0.6,True,46.5,0.006885140133776133
0.02,0.6,True,47.5,0.0070987202526276395
0.02,0.6,True,48.5,0.007305897461285109
0.02,0.6,True,49.5,0.007506574876073078
0.02,0.6,True,50.5,0.007625007486308499
0.02,0.6,True,51.5,0.0076632604137294716
0.02,0.6,True,52.5,0.007697701699617996
0.02,0.6,True,53.5,0.007728343908459371
0.02,0.6,True,54.5,0.00775522471165476
0.02,0.6,True,55.5,0.0077784017989566525
0.02,0.6,True,56.5,0.007797948715943403
0.02,0.6,True,57.5,0.007813951441282899
0.02,0.6,True,58.5,0.007826505560858052
0.02,0.6,True,59.5,0.007835713927678015
0.02,0.6,True,60.5,0.007841684720224626
0.02,0.6,True,61.5,0.007844529829793402
0.02,0.6,True,62.5,0.007844363521068334
0.02,0.6,True,63.5,0.007841301320746353
0.02,0.6,True,64.5,0.007835459097292037
0.02,0.6,True,65.5,0.007826952301430599
0.02,0.6,True,66.5,0.0078158953421949
0.02,0.6,True,67.5,0.007802401077529991
0.02,0.6,True,68.5,0.0077865804018634605
0.02,0.6,True,69.5,0.00776854191582951
0.02,0.6,True,70.5,0.007748391665629906
0.02,0.6,True,71.5,0.007726232941415572
0.02,0.6,True,72.5,0.00770216612565976
0.02,0.6,True,73.5,0.007676288583823777
0.02,0.6,True,74.5,0.0076486945907390455
0.02,0.6,True,75.5,0.007619475287076244
0.02,0.6,True,76.5,0.007588718661080484
0.02,0.6,True,77.5,0.007556509551437327
0.02,0.6,True,78.5,0.007522929667722275
0.02,0.6,True,79.5,0.0074880576253884825
0.02,0.6,True,80.5,0.007451968992681173
0.02,0.6,True,81.5,0.007414736347236902
0.02,0.6,True,82.5,0.007376429340447575
0.02,0.6,True,83.5,0.0073371147679446
0.02,0.6,True,84.5,0.007296856644797057
0.02,0.6,True,85.5,0.007255716284223276
0.02,0.6,True,86.5,0.007213752378795782
0.02,0.6,True,87.5,0.007171021083269678
0.02,0.6,True,88.5,0.007127576098301975
0.02,0.6,True,89.5,0.0070834687544419255
0.02,0.6,True,90.5,0.007038748095873476
0.02,0.6,True,91.5,0.006993460963476415
0.02,0.6,True,92.5,0.006947652076848076
0.02,0.6,True,93.5,0.006901364114990909
0.02,0.6,True,94.5,0.006854637795427106
0.02,0.6,True,95.5,0.006807511951549185
0.02,0.6,True,96.5,0.006760023608055908
0.02,0.6,True,97.5,0.0067122080543594795
0.02,0.6,True,98.5,0.006664098915877334
0.02,0.6,True,99.5,0.006615728223151246
0.02,0.6,True,100.5,0.006567126478754726
0.02,0.6,True,101.5,0.0065183227219713005
0.02,0.6,True,102.5,0.006469344591238604
0.02,0.6,True,103.5,0.006420218384370218
0.02,0.6,True,104.5,0.006370969116574668
0.02,0.6,True,105.5,0.006321620576302129
0.02,0.6,True,106.5,0.006272195378955739
0.02,0.6,True,107.5,0.006222715018511601
0.02,0.6,True,108.5,0.006173199917094864
0.02,0.6,True,109.5,0.006123669472564365
0.02,0.6,True,110.5,0.00607414210416026
0.02,0.6,True,111.5,0.006024635296271938
0.02,0.6,True,112.5,0.005975165640384051
0.02,0.6,True,113.5,0.0059257488752603275
0.02,0.6,True,114.5,0.005876399925424298
0.02,0.6,True,115.5,0.0058271329379968725
0.02,0.6,True,116.5,0.00577796131794987
0.02,0.6,True,117.5,0.005728897761833988
0.02,0.6,True,118.5,0.005679954290039306
0.02,0.6,True,119.5,0.005631142277644503
0.02,0.6,True,120.5,0.005582472483911041
0.03,0.0,False,0.5,5.888288997095935e-13
0.03,0.0,False,1.5,1.4095515821542816e-10
0.03,0.0,False,2.5,1.7857074242174954e-09
0.03,0.0,False,3.5,9.460978714809699e-09
0.03,0.0,False,4.5,3.27449246462508e-08
0.03,0.0,False,5.5,8.797929080596998e-08
0.03,0.0,False,6.5,1.9981099186456212e-07
0.03,0.0,False,7.5,4.0257285983534445e-07
0.03,0.0,False,8.5,7.415123495523601e-07
0.03,0.0,False,9.5,1.2738766326124035e-06
0.03,0.0,False,10.5,2.0698621664309094e-06
0.03,0.0,False,11.5,3.2134364923508434e-06
0.03,0.0,False,12.5,4.803039695581368e-06
0.03,0.0,False,13.5,6.952172649798463e-06
0.03,0.0,False,14.5,9.789878870188205e-06
0.03,0.0,False,15.5,1.3461126510235251e-05
0.03,0.0,False,16.5,1.812709675934111e-05
0.03,0.0,False,17.5,2.3965384630086636e-05
0.03,0.0,False,18.5,3.1170117865330744e-05
0.03,0.0,False,19.5,3.9951999446055495e-05
0.03,0.0,False,20.5,5.053827894063842e-05
0.03,0.0,False,21.5,6.317265770476108e-05
0.03,0.0,False,22.5,7.811513271816332e-05
0.03,0.0,False,23.5,9.56417836296481e-05
0.03,0.0,False,24.5,0.0001160445073748529
0.03,0.0,False,25.5,0.0001396307045320685
0.03,0.0,False,26.5,0.00016672292138953542
0.03,0.0,False,27.5,0.00019765845151291866
0.03,0.0,False,28.5,0.00023278890042383239
0.03,0.0,False,29.5,0.0002724797168290622
0.03,0.0,False,30.5,0.0003171096936753282
0.03,0.0,False,31.5,0.00036707044214578894
0.03,0.0,False,32.5,0.0004227658415617642
0.03,0.0,False,33.5,0.00048461146800619215
0.03,0.0,False,34.5,0.0005530340043438557
0.03,0.0,False,35.5,0.0006284706341772529
0.03,0.0,False,36.5,0.0007113684221459487
0.03,0.0,False,37.5,0.000802183682851113
0.03,0.0,False,38.5,0.0009013813405655884
0.03,0.0,False,39.5,0.0010094342817729965
0.03,0.0,False,40.5,0.0011268227024669778
0.03,0.0,False,41.5,0.0012540334520335106
0.03,0.0,False,42.5,0.001391559375435095
0.03,0.0,False,43.5,0.0015398986553154742
0.03,0.0,False,44.5,0.0016995541555471527
0.03,0.0,False,45.5,0.0018710327676512313
0.03,0.0,False,46.5,0.0020548447614299166
0.03,0.0,False,47.5,0.002251503141066166
0.03,0.0,False,48.5,0.0024615230078624973
0.03,0.0,False,49.5,0.0026854209307115282
0.03,0.0,False,50.5,0.002880185889855867
0.03,0.0,False,51.5,0.003037128325978088
0.03,0.0,False,52.5,0.0031965937784906116
0.03,0.0,False,53.5,0.0033583378117219985
0.03,0.0,False,54.5,0.0035221119231738066
0.03,0.0,False,55.5,0.003687664486163178
0.03,0.0,False,56.5,0.0038547416637959796
0.03,0.0,False,57.5,0.004023088291575901
0.03,0.0,False,58.5,0.004192448726339943
0.03,0.0,False,59.5,0.004362567659574155
0.03,0.0,False,60.5,0.004533190893504603
0.03,0.0,False,61.5,0.004704066078678178
0.03,0.0,False,62.5,0.004874943412045542
0.03,0.0,False,63.5,0.00504557629483513
0.03,0.0,False,64.5,0.0052157219497627446
0.03,0.0,False,65.5,0.005385141997356959
0.03,0.0,False,66.5,0.005553602991396208
0.03,0.0,False,67.5,0.005720876913650531
0.03,0.0,False,68.5,0.005886741628299683
0.03,0.0,False,69.5,0.006050981296560495
0.03,0.0,False,70.5,0.006213386752201298
0.03,0.0,False,71.5,0.006373755838749977
0.03,0.0,False,72.5,0.006531893709315973
0.03,0.0,False,73.5,0.006687613090046544
0.03,0.0,False,74.5,0.0068407345083236065
0.03,0.0,False,75.5,0.006991086486881435
0.03,0.0,False,76.5,0.007138505705087481
0.03,0.0,False,77.5,0.007282837128679469
0.03,0.0,False,78.5,0.007423934109292972
0.03,0.0,False,79.5,0.007561658455144623
0.03,0.0,False,80.5,0.007695880474259116
0.03,0.0,False,81.5,0.007826478991642188
0.03,0.0,False,82.5,0.007953341341809143
0.03,0.0,False,83.5,0.0080763633380785
0.03,0.0,False,84.5,0.008195449220034737
0.03,0.0,False,85.5,0.008310511580552236
0.03,0.0,False,86.5,0.008421471273756323
0.03,0.0,False,87.5,0.008528257305276118
0.03,0.0,False,88.5,0.008630806706118679
0.03,0.0,False,89.5,0.008729064391465625
0.03,0.0,False,90.5,0.008822983005661233
0.03,0.0,False,91.5,0.008912522754626867
0.03,0.0,False,92.5,0.008997651226899678
0.03,0.0,False,93.5,0.009078343204454725
0.03,0.0,False,94.5,0.009154580464429294
0.03,0.0,False,95.5,0.009226351572826532
0.03,0.0,False,96.5,0.00929365167123284
0.03,0.0,False,97.5,0.00935648225753973
0.03,0.0,False,98.5,0.009414850961617309
0.03,0.0,False,99.5,0.009468771316841651
0.03,0.0,False,100.5,0.009518262528334693
0.03,0.0,False,101.5,0.009563349238730284
0.03,0.0,False,102.5,0.009604061292236609
0.03,0.0,False,103.5,0.00964043349772135
0.03,0.0,False,104.5,0.009672505391503078
0.03,0.0,False,105.5,0.009700321000490019
0.03,0.0,False,106.5,0.009723928606265867
0.03,0.0,False,107.5,0.009743380510681802
0.03,0.0,False,108.5,0.009758732803474066
0.03,0.0,False,109.5,0.00977004513238814
0.03,0.0,False,110.5,0.00977738047625285
0.03,0.0,False,111.5,0.009780804921411706
0.03,0.0,False,112.5,0.009780387441883618
0.03,0.0,False,113.5,0.009776199683591098
0.03,0.0,False,114.5,0.009768315752962041
0.03,0.0,False,115.5,0.009756812010179226
0.03,0.0,False,116.5,0.009741766867322362
0.03,0.0,False,117.5,0.0097232605916184
0.03,0.0,False,118.5,0.00970137511398868
0.03,0.0,False,119.5,0.009676193843055575
0.03,0.0,False,120.5,0.009647801484746152
0.03,0.0,True,0.5,5.888288997095935e-13
0.03,0.0,True,1.5,1.4095515821542816e-10
0.03,0.0,True,2.5,1.7857074242174954e-09
0.03,0.0,True,3.5,9.460978714809699e-09
0.03,0.0,True,4.5,3.27449246462508e-08
0.03,0.0,True,5.5,8.797929080596998e-08
0.03,0.0,True,6.5,1.9981099186456212e-07
0.03,0.0,True,7.5,4.0257285983534445e-07
0.03,0.0,True,8.5,7.415123495523601e-07
0.03,0.0,True,9.5,1.2738766326124035e-06
0.03,0.0,True,10.5,2.0698621664309094e-06
0.03,0.0,True,11.5,3.2134364923508434e-06
0.03,0.0,True,12.5,4.803039695581368e-06
0.03,0.0,True,13.5,6.952172649798463e-06
0.03,0.0,True,14.5,9.789878870188205e-06
0.03,0.0,True,15.5,1.3461126510235251e-05
0.03,0.0,True,16.5,1.812709675934111e-05
0.03,0.0,True,17.5,2.3965384630086636e-05
0.03,0.0,True,18.5,3.1170117865330744e-05
0.03,0.0,True,19.5,3.9951999446055495e-05
0.03,0.0,True,20.5,5.053827894063842e-05
0.03,0.0,True,21.5,6.317265770476108e-05
0.03,0.0,True,22.5,7.811513271816332e-05
0.03,0.0,True,23.5,9.56417836296481e-05
0.03,0.0,True,24.5,0.00011604450737485288
0.03,0.0,True,25.5,0.0001396307045320685
0.03,0.0,True,26.5,0.00016672292138953542
0.03,0.0,True,27.5,0.00019765845151291866
0.03,0.0,True,28.5,0.00023278890042383239
0.03,0.0,True,29.5,0.0002724797168290622
0.03,0.0,True,30.5,0.0003171096936753282
0.03,0.0,True,31.5,0.00036707044214578894
0.03,0.0,True,32.5,0.0004227658415617642
0.03,0.0,True,33.5,0.00048461146800619215
0.03,0.0,True,34.5,0.0005530340043438557
0.03,0.0,True,35.5,0.0006284706341772529
0.03,0.0,True,36.5,0.0007113684221459487
0.03,0.0,True,37.5,0.000802183682851113
0.03,0.0,True,38.5,0.0009013813405655884
0.03,0.0,True,39.5,0.0010094342817729965
0.03,0.0,True,40.5,0.001126822702466978
0.03,0.0,True,41.5,0.0012540334520335106
0.03,0.0,True,42.5,0.001391559375435095
0.03,0.0,True,43.5,0.0015398986553154742
0.03,0.0,True,44.5,0.0016995541555471527
0.03,0.0,True,45.5,0.0018710327676512311
0.03,0.0,True,46.5,0.0020548447614299166
0.03,0.0,True,47.5,0.002251503141066166
0.03,0.0,True,48.5,0.0024615230078624973
0.03,0.0,True,49.5,0.002685420930711528
0.03,0.0,True,50.5,0.0028801858898558665
0.03,0.0,True,51.5,0.003037128325978088
0.03,0.0,True,52.5,0.0031965937784906116
0.03,0.0,True,53.5,0.003358337811721999
0.03,0.0,True,54.5,0.0035221119231738066
0.03,0.0,True,55.5,0.003687664486163178
0.03,0.0,True,56.5,0.0038547416637959796
0.03,0.0,True,57.5,0.004023088291575901
0.03,0.0,True,58.5,0.004192448726339943
0.03,0.0,True,59.5,0.004362567659574155
0.03,0.0,True,60.5,0.004533190893504603
0.03,0.0,True,61.5,0.0047040660786781775
0.03,0.0,True,62.5,0.004874943412045542
0.03,0.0,True,63.5,0.00504557629483513
0.03,0.0,True,64.5,0.0052157219497627446
0.03,0.0,True,65.5,0.005385141997356958
0.03,0.0,True,66.5,0.005553602991396208
0.03,0.0,True,67.5,0.005720876913650531
0.03,0.0,True,68.5,0.005886741628299683
0.03,0.0,True,69.5,0.006050981296560495
0.03,0.0,True,70.5,0.006213386752201298
0.03,0.0,True,71.5,0.006373755838749977
0.03,0.0,True,72.5,0.006531893709315973
0.03,0.0,True,73.5,0.006687613090046544
0.03,0.0,True,74.5,0.006840734508323606
0.03,0.0,True,75.5,0.006991086486881435
0.03,0.0,True,76.5,0.007138505705087481
0.03,0.0,True,77.5,0.00728283712867947
0.03,0.0,True,78.5,0.007423934109292973
0.03,0.0,True,79.5,0.007561658455144622
0.03,0.0,True,80.5,0.007695880474259117
0.03,0.0,True,81.5,0.007826478991642188
0.03,0.0,True,82.5,0.007953341341809143
0.03,0.0,True,83.5,0.0080763633380785
0.03,0.0,True,84.5,0.008195449220034737
0.03,0.0,True,85.5,0.008310511580552236
0.03,0.0,True,86.5,0.008421471273756323
0.03,0.0,True,87.5,0.008528257305276118
0.03,0.0,True,88.5,0.008630806706118679
0.03,0.0,True,89.5,0.008729064391465625
0.03,0.0,True,90.5,0.008822983005661233
0.03,0.0,True,91.5,0.008912522754626867
0.03,0.0,True,92.5,0.008997651226899678
0.03,0.0,True,93.5,0.009078343204454725
0.03,0.0,True,94.5,0.009154580464429294
0.03,0.0,True,95.5,0.009226351572826532
0.03,0.0,True,96.5,0.00929365167123284
0.03,0.0,True,97.5,0.00935648225753973
0.03,0.0,True,98.5,0.009414850961617309
0.03,0.0,True,99.5,0.009468771316841651
0.03,0.0,True,100.5,0.009518262528334693
0.03,0.0,True,101.5,0.009563349238730284
0.03,0.0,True,102.5,0.009604061292236609
0.03,0.0,True,103.5,0.00964043349772135
0.03,0.0,True,104.5,0.009672505391503078
0.03,0.0,True,105.5,0.009700321000490019
0.03,0.0,True,106.5,0.009723928606265867
0.03,0.0,True,107.5,0.009743380510681802
0.03,0.0,True,108.5,0.009758732803474066
0.03,0.0,True,109.5,0.00977004513238814
0.03,0.0,True,110.5,0.00977738047625285
0.03,0.0,True,111.5,0.009780804921411706
0.03,0.0,True,112.5,0.009780387441883618
0.03,0.0,True,113.5,0.009776199683591098
0.03,0.0,True,114.5,0.009768315752962041
0.03,0.0,True,115.5,0.009756812010179226
0.03,0.0,True,116.5,0.009741766867322362
0.03,0.0,True,117.5,0.0097232605916184
0.03,0.0,True,118.5,0.00970137511398868
0.03,0.0,True,119.5,0.009676193843055575
0.03,0.0,True,120.5,0.009647801484746152
0.03,0.6,False,0.5,1.925480979160255e-11
0.03,0.6,False,1.5,4.4635404147525365e-09
0.03,0.6,False,2.5,5.4772787719484633e-08
0.03,0.6,False,3.5,2.811570057880758e-07
0.03,0.6,False,4.5,9.429857238299459e-07
0.03,0.6,False,5.5,2.4555968491541635e-06
0.03,0.6,False,6.5,5.4055824584732755e-06
0.03,0.6,False,7.5,1.055586220694594e-05
0.03,0.6,False,8.5,1.8841099613196782e-05
0.03,0.6,False,9.5,3.1353430382394514e-05
0.03,0.6,False,10.5,4.9318244467001856e-05
0.03,0.6,False,11.5,7.406004235181169e-05
0.03,0.6,False,12.5,0.00010695917888523238
0.03,0.6,False,13.5,0.00014940141971632887
0.03,0.6,False,14.5,0.00020272332185524705
0.03,0.6,False,15.5,0.0002681571881079269
0.03,0.6,False,16.5,0.0003467795793600945
0.03,0.6,False,17.5,0.00043946709616589477
0.03,0.6,False,18.5,0.0005468624110009502
0.03,0.6,False,19.5,0.0006693524363413637
0.03,0.6,False,20.5,0.0008070592458744706
0.03,0.6,False,21.5,0.0009598431832832151
0.03,0.6,False,22.5,0.0011273166815358034
0.03,0.6,False,23.5,0.0013088667334934096
0.03,0.6,False,24.5,0.0015036836795450804
0.03,0.6,False,25.5,0.0017107939606475142
0.03,0.6,False,26.5,0.0019290946652412752
0.03,0.6,False,27.5,0.002157388009278181
0.03,0.6,False,28.5,0.0023944142663002398
0.03,0.6,False,29.5,0.0026388820569476883
0.03,0.6,False,30.5,0.002889495276978458
0.03,0.6,False,31.5,0.003144976266524065
0.03,0.6,False,32.5,0.003404085089302238
0.03,0.6,False,33.5,0.003665634996107725
0.03,0.6,False,34.5,0.003928504295357083
0.03,0.6,False,35.5,0.004191644951584687
0.03,0.6,False,36.5,0.004454088289071814
0.03,0.6,False,37.5,0.004714948201072284
0.03,0.6,False,38.5,0.004973422263686982
0.03,0.6,False,39.5,0.005228791134634978
0.03,0.6,False,40.5,0.005480416587049593
0.03,0.6,False,41.5,0.005727738491824116
0.03,0.6,False,42.5,0.005970271022622855
0.03,0.6,False,43.5,0.00620759831811968
0.03,0.6,False,44.5,0.006439369798166439
0.03,0.6,False,45.5,0.006665295295584954
0.03,0.6,False,46.5,0.006885140133776183
0.03,0.6,False,47.5,0.007098720252627641
0.03,0.6,False,48.5,0.007305897461285098
0.03,0.6,False,49.5,0.007506574876073094
0.03,0.6,False,50.5,0.0075874409095236265
0.03,0.6,False,51.5,0.007553136636753638
0.03,0.6,False,52.5,0.007518184523427912
0.03,0.6,False,53.5,0.007482321779010771
0.03,0.6,False,54.5,0.007445356233011271
0.03,0.6,False,55.5,0.0074071516180051755
0.03,0.6,False,56.5,0.007367616066467947
0.03,0.6,False,57.5,0.007326693039239038
0.03,0.6,False,58.5,0.007284354115892172
0.03,0.6,False,59.5,0.007240593226309314
0.03,0.6,False,60.5,0.007195422008837544
0.03,0.6,False,61.5,0.007148866056968417
0.03,0.6,False,62.5,0.00710096187244684
0.03,0.6,False,63.5,0.0070517543841189766
0.03,0.6,False,64.5,0.007001294922805125
0.03,0.6,False,65.5,0.006949639565900682
0.03,0.6,False,66.5,0.006896847783289006
0.03,0.6,False,67.5,0.00684298132992754
0.03,0.6,False,68.5,0.0067881033411781935
0.03,0.6,False,69.5,0.0067322775953452835
0.03,0.6,False,70.5,0.006675567914511882
0.03,0.6,False,71.5,0.006618037680034533
0.03,0.6,False,72.5,0.006559749443277202
0.03,0.6,False,73.5,0.0065007646155620736
0.03,0.6,False,74.5,0.006441143224070049
0.03,0.6,False,75.5,0.006380943722666804
0.03,0.6,False,76.5,0.006320222848466357
0.03,0.6,False,77.5,0.0062590355164537145
0.03,0.6,False,78.5,0.006197434745737086
0.03,0.6,False,79.5,0.006135471612032466
0.03,0.6,False,80.5,0.006073195221845188
0.03,0.6,False,81.5,0.00601065270453056
0.03,0.6,False,82.5,0.00594788921901758
0.03,0.6,False,83.5,0.005884947972484469
0.03,0.6,False,84.5,0.005821870248699683
0.03,0.6,False,85.5,0.005758695444100344
0.03,0.6,False,86.5,0.005695461109983247
0.03,0.6,False,87.5,0.00563220299943889
0.03,0.6,False,88.5,0.005568955117877685
0.03,0.6,False,89.5,0.00550574977618017
0.03,0.6,False,90.5,0.00544261764566152
0.03,0.6,False,91.5,0.0053795878141717655
0.03,0.6,False,92.5,0.0053166878427681795
0.03,0.6,False,93.5,0.005253943822491397
0.03,0.6,False,94.5,0.0051913804308598
0.03,0.6,False,95.5,0.0051290209877652235
0.03,0.6,False,96.5,0.005066887510514121
0.03,0.6,False,97.5,0.00500500076780664
0.03,0.6,False,98.5,0.004943380332491176
0.03,0.6,False,99.5,0.0048820446329661945
0.03,0.6,False,100.5,0.004821011003133144
0.03,0.6,False,101.5,0.004760295730829926
0.03,0.6,False,102.5,0.004699914104696252
0.03,0.6,False,103.5,0.00463988045944012
0.03,0.6,False,104.5,0.004580208219491323
0.03,0.6,False,105.5,0.004520909941038987
0.03,0.6,False,106.5,0.004461997352462341
0.03,0.6,False,107.5,0.004403481393171482
0.03,0.6,False,108.5,0.0043453722508828355
0.03,0.6,False,109.5,0.004287679397359118
0.03,0.6,False,110.5,0.0042304116226488725
0.03,0.6,False,111.5,0.004173577067863529
0.03,0.6,False,112.5,0.004117183256533012
0.03,0.6,False,113.5,0.004061237124583194
0.03,0.6,False,114.5,0.004005745048979244
0.03,0.6,False,115.5,0.003950712875080328
0.03,0.6,False,116.5,0.003896145942751507
0.03,0.6,False,117.5,0.0038420491112784155
0.03,0.6,False,118.5,0.003788426783130641
0.03,0.6,False,119.5,0.0037352829266185583
0.03,0.6,False,120.5,0.003682621097488732
0.03,0.6,True,0.5,1.9254809791602678e-11
0.03,0.6,True,1.5,4.463540414752543e-09
0.03,0.6,True,2.5,5.477278771948459e-08
0.03,0.6,True,3.5,2.8115700578807596e-07
0.03,0.6,True,4.5,9.429857238299452e-07
0.03,0.6,True,5.5,2.455596849154168e-06
0.03,0.6,True,6.5,5.405582458473285e-06
0.03,0.6,True,7.5,1.055586220694601e-05
0.03,0.6,True,8.5,1.8841099613196674e-05
0.03,0.6,True,9.5,3.1353430382394426e-05
0.03,0.6,True,10.5,4.931824446700151e-05
0.03,0.6,True,11.5,7.406004235181138e-05
0.03,0.6,True,12.5,0.00010695917888523187
0.03,0.6,True,13.5,0.00014940141971632733
0.03,0.6,True,14.5,0.0002027233218552466
0.03,0.6,True,15.5,0.00026815718810792636
0.03,0.6,True,16.5,0.0003467795793600928
0.03,0.6,True,17.5,0.0004394670961658963
0.03,0.6,True,18.5,0.0005468624110009512
0.03,0.6,True,19.5,0.0006693524363413636
0.03,0.6,True,20.5,0.0008070592458744679
0.03,0.6,True,21.5,0.0009598431832832142
0.03,0.6,True,22.5,0.0011273166815357998
0.03,0.6,True,23.5,0.0013088667334934033
0.03,0.6,True,24.5,0.0015036836795450797
0.03,0.6,True,25.5,0.001710793960647513
0.03,0.6,True,26.5,0.0019290946652412784
0.03,0.6,True,27.5,0.002157388009278173
0.03,0.6,True,28.5,0.0023944142663002398
0.03,0.6,True,29.5,0.0026388820569476865
0.03,0.6,True,30.5,0.002889495276978467
0.03,0.6,True,31.5,0.0031449762665240687
0.03,0.6,True,32.5,0.0034040850893022286
0.03,0.6,True,33.5,0.003665634996107718
0.03,0.6,True,34.5,0.003928504295357084
0.03,0.6,True,35.5,0.00419164495158471
0.03,0.6,True,36.5,0.00445408828907183
0.03,0.6,True,37.5,0.004714948201072275
0.03,0.6,True,38.5,0.0049734222636869715
0.03,0.6,True,39.5,0.005228791134634959
0.03,0.6,True,40.5,0.005480416587049567
0.03,0.6,True,41.5,0.0057277384918241366
0.03,0.6,True,42.5,0.0059702710226228325
0.03,0.6,True,43.5,0.006207598318119657
0.03,0.6,True,44.5,0.006439369798166427
0.03,0.6,True,45.5,0.00666529529558497
0.03,0.6,True,46.5,0.006885140133776133
0.03,0.6,True,47.5,0.0070987202526276395
0.03,0.6,True,48.5,0.007305897461285109
0.03,0.6,True,49.5,0.007506574876073078
0.03,0.6,True,50.5,0.007587440909523646
0.03,0.6,True,51.5,0.007553136636753618
0.03,0.6,True,52.5,0.0075181845234279145
0.03,0.6,True,53.5,0.007482321779010772
0.03,0.6,True,54.5,0.007445356233011286
0.03,0.6,True,55.5,0.00740715161800516
0.03,0.6,True,56.5,0.007367616066467936
0.03,0.6,True,57.5,0.007326693039239024
0.03,0.6,True,58.5,0.00728435411589212
0.03,0.6,True,59.5,0.007240593226309325
0.03,0.6,True,60.5,0.007195422008837565
0.03,0.6,True,61.5,0.007148866056968399
0.03,0.6,True,62.5,0.007100961872446857
0.03,0.6,True,63.5,0.007051754384118975
0.03,0.6,True,64.5,0.0070012949228051655
0.03,0.6,True,65.5,0.006949639565900686
0.03,0.6,True,66.5,0.006896847783288985
0.03,0.6,True,67.5,0.006842981329927538
0.03,0.6,True,68.5,0.006788103341178212
0.03,0.6,True,69.5,0.006732277595345317
0.03,0.6,True,70.5,0.006675567914511874
0.03,0.6,True,71.5,0.006618037680034528
0.03,0.6,True,72.5,0.006559749443277202
0.03,0.6,True,73.5,0.006500764615562088
0.03,0.6,True,74.5,0.0064411432240700384
0.03,0.6,True,75.5,0.006380943722666823
0.03,0.6,True,76.5,0.006320222848466369
0.03,0.6,True,77.5,0.0062590355164537205
0.03,0.6,True,78.5,0.00619743474573706
0.03,0.6,True,79.5,0.0061354716120324455
0.03,0.6,True,80.5,0.006073195221845178
0.03,0.6,True,81.5,0.006010652704530567
0.03,0.6,True,82.5,0.005947889219017588
0.03,0.6,True,83.5,0.00588494797248446
0.03,0.6,True,84.5,0.005821870248699665
0.03,0.6,True,85.5,0.005758695444100325
0.03,0.6,True,86.5,0.005695461109983253
0.03,0.6,True,87.5,0.005632202999438899
0.03,0.6,True,88.5,0.005568955117877655
0.03,0.6,True,89.5,0.005505749776180157
0.03,0.6,True,90.5,0.005442617645661537
0.03,0.6,True,91.5,0.005379587814171791
0.03,0.6,True,92.5,0.005316687842768169
0.03,0.6,True,93.5,0.005253943822491423
0.03,0.6,True,94.5,0.005191380430859787
0.03,0.6,True,95.5,0.00512902098776525
0.03,0.6,True,96.5,0.0050668875105141144
0.03,0.6,True,97.5,0.0050050007678066255
0.03,0.6,True,98.5,0.004943380332491164
0.03,0.6,True,99.5,0.004882044632966186
0.03,0.6,True,100.5,0.004821011003133134
0.03,0.6,True,101.5,0.00476029573082995
0.03,0.6,True,102.5,0.004699914104696251
0.03,0.6,True,103.5,0.004639880459440118
0.03,0.6,True,104.5,0.0045802082194912955
0.03,0.6,True,105.5,0.004520909941038976
0.03,0.6,True,106.5,0.004461997352462326
0.03,0.6,True,107.5,0.00440348139317147
0.03,0.6,True,108.5,0.004345372250882821
0.03,0.6,True,109.5,0.004287679397359104
0.03,0.6,True,110.5,0.004230411622648873
0.03,0.6,True,111.5,0.004173577067863527
0.03,0.6,True,112.5,0.004117183256533026
0.03,0.6,True,113.5,0.0040612371245831985
0.03,0.6,True,114.5,0.004005745048979229
0.03,0.6,True,115.5,0.003950712875080322
0.03,0.6,True,116.5,0.0038961459427514973
0.03,0.6,True,117.5,0.003842049111278415
0.03,0.6,True,118.5,0.0037884267831306256
0.03,0.6,True,119.5,0.003735282926618545
0.03,0.6,True,120.5,0.0036826210974887385
0.04,0.0,False,0.5,5.888288997095935e-13
0.04,0.0,False,1.5,1.4095515821542816e-10
0.04,0.0,False,2.5,1.7857074242174954e-09
0.04,0.0,False,3.5,9.460978714809699e-09
0.04,0.0,False,4.5,3.27449246462508e-08
0.04,0.0,False,5.5,8.797929080596998e-08
0.04,0.0,False,6.5,1.9981099186456212e-07
0.04,0.0,False,7.5,4.0257285983534445e-07
0.04,0.0,False,8.5,7.415123495523601e-07
0.04,0.0,False,9.5,1.2738766326124035e-06
0.04,0.0,False,10.5,2.0698621664309094e-06
0.04,0.0,False,11.5,3.2134364923508434e-06
0.04,0.0,False,12.5,4.803039695581368e-06
0.04,0.0,False,13.5,6.952172649798463e-06
0.04,0.0,False,14.5,9.789878870188205e-06
0.04,0.0,False,15.5,1.3461126510235251e-05
0.04,0.0,False,16.5,1.812709675934111e-05
0.04,0.0,False,17.5,2.3965384630086636e-05
0.04,0.0,False,18.5,3.1170117865330744e-05
0.04,0.0,False,19.5,3.9951999446055495e-05
0.04,0.0,False,20.5,5.053827894063842e-05
0.04,0.0,False,21.5,6.317265770476108e-05
0.04,0.0,False,22.5,7.811513271816332e-05
0.04,0.0,False,23.5,9.56417836296481e-05
0.04,0.0,False,24.5,0.0001160445073748529
0.04,0.0,False,25.5,0.0001396307045320685
0.04,0.0,False,26.5,0.00016672292138953542
0.04,0.0,False,27.5,0.00019765845151291866
0.04,0.0,False,28.5,0.00023278890042383239
0.04,0.0,False,29.5,0.0002724797168290622
0.04,0.0,False,30.5,0.0003171096936753282
0.04,0.0,False,31.5,0.00036707044214578894
0.04,0.0,False,32.5,0.0004227658415617642
0.04,0.0,False,33.5,0.00048461146800619215
0.04,0.0,False,34.5,0.0005530340043438557
0.04,0.0,False,35.5,0.0006284706341772529
0.04,0.0,False,36.5,0.0007113684221459487
0.04,0.0,False,37.5,0.000802183682851113
0.04,0.0,False,38.5,0.0009013813405655884
0.04,0.0,False,39.5,0.0010094342817729965
0.04,0.0,False,40.5,0.0011268227024669778
0.04,0.0,False,41.5,0.0012540334520335106
0.04,0.0,False,42.5,0.001391559375435095
0.04,0.0,False,43.5,0.0015398986553154742
0.04,0.0,False,44.5,0.0016995541555471527
0.04,0.0,False,45.5,0.0018710327676512313
0.04,0.0,False,46.5,0.0020548447614299166
0.04,0.0,False,47.5,0.002251503141066166
0.04,0.0,False,48.5,0.0024615230078624973
0.04,0.0,False,49.5,0.0026854209307115282
0.04,0.0,False,50.5,0.002865820902801268
0.04,0.0,False,51.5,0.0029919113760276763
0.04,0.0,False,52.5,0.0031176695968899936
0.04,0.0,False,53.5,0.003242829180621346
0.04,0.0,False,54.5,0.003367130129288495
0.04,0.0,False,55.5,0.0034903196667889634
0.04,0.0,False,56.5,0.0036121529928684905
0.04,0.0,False,57.5,0.003732393957434208
0.04,0.0,False,58.5,0.003850815656866481
0.04,0.0,False,59.5,0.003967200954403154
0.04,0.0,False,60.5,0.004081342926986938
0.04,0.0,False,61.5,0.004193045241234296
0.04,0.0,False,62.5,0.00430212246140537
0.04,0.0,False,63.5,0.004408400292433411
0.04,0.0,False,64.5,0.004511715761211796
0.04,0.0,False,65.5,0.00461191733944092
0.04,0.0,False,66.5,0.00470886501140866
0.04,0.0,False,67.5,0.004802430290120414
0.04,0.0,False,68.5,0.004892496185210504
0.04,0.0,False,69.5,0.004978957126058717
0.04,0.0,False,70.5,0.005061718843507022
0.04,0.0,False,71.5,0.005140698213524051
0.04,0.0,False,72.5,0.005215823066101151
0.04,0.0,False,73.5,0.00528703196258635
0.04,0.0,False,74.5,0.005354273944572641
0.04,0.0,False,75.5,0.005417508257357197
0.04,0.0,False,76.5,0.005476704050879706
0.04,0.0,False,77.5,0.005531840060932696
0.04,0.0,False,78.5,0.005582904273316184
0.04,0.0,False,79.5,0.005629893573483841
0.04,0.0,False,80.5,0.005672813384100519
0.04,0.0,False,81.5,0.005711677292800975
0.04,0.0,False,82.5,0.005746506672309448
0.04,0.0,False,83.5,0.005777330294949047
0.04,0.0,False,84.5,0.005804183943440407
0.04,0.0,False,85.5,0.005827110019760528
0.04,0.0,False,86.5,0.005846157153706746
0.04,0.0,False,87.5,0.005861379812687063
0.04,0.0,False,88.5,0.005872837914137276
0.04,0.0,False,89.5,0.005880596441848456
0.04,0.0,False,90.5,0.005884725067374445
0.04,0.0,False,91.5,0.005885297777579852
0.04,0.0,False,92.5,0.005882392509283509
0.04,0.0,False,93.5,0.005876090791851524
0.04,0.0,False,94.5,0.00586647739849751
0.04,0.0,False,95.5,0.005853640006955731
0.04,0.0,False,96.5,0.005837668870105721
0.04,0.0,False,97.5,0.005818656497044053
0.04,0.0,False,98.5,0.00579669734502131
0.04,0.0,False,99.5,0.005771887522588435
0.04,0.0,False,100.5,0.005744324504228266
0.04,0.0,False,101.5,0.005714106856683214
0.04,0.0,False,102.5,0.005681333977130251
0.04,0.0,False,103.5,0.005646105843298555
0.04,0.0,False,104.5,0.005608522775573423
0.04,0.0,False,105.5,0.005568685211082579
0.04,0.0,False,106.5,0.005526693489717111
0.04,0.0,False,107.5,0.005482647651999451
0.04,0.0,False,108.5,0.005436647248674153
0.04,0.0,False,109.5,0.005388791161864504
0.04,0.0,False,110.5,0.005339177437608066
0.04,0.0,False,111.5,0.005287903129557794
0.04,0.0,False,112.5,0.005235064153611818
0.04,0.0,False,113.5,0.005180755153213908
0.04,0.0,False,114.5,0.00512506937504894
0.04,0.0,False,115.5,0.00506809855484158
0.04,0.0,False,116.5,0.0050099328129534545
0.04,0.0,False,117.5,0.004950660559462864
0.04,0.0,False,118.5,0.00489036840840205
0.04,0.0,False,119.5,0.00482914110082013
0.04,0.0,False,120.5,0.004767061436334209
0.04,0.0,True,0.5,5.888288997095935e-13
0.04,0.0,True,1.5,1.4095515821542816e-10
0.04,0.0,True,2.5,1.7857074242174954e-09
0.04,0.0,True,3.5,9.460978714809699e-09
0.04,0.0,True,4.5,3.27449246462508e-08
0.04,0.0,True,5.5,8.797929080596998e-08
0.04,0.0,True,6.5,1.9981099186456212e-07
0.04,0.0,True,7.5,4.0257285983534445e-07
0.04,0.0,True,8.5,7.415123495523601e-07
0.04,0.0,True,9.5,1.2738766326124035e-06
0.04,0.0,True,10.5,2.0698621664309094e-06
0.04,0.0,True,11.5,3.2134364923508434e-06
0.04,0.0,True,12.5,4.803039695581368e-06
0.04,0.0,True,13.5,6.952172649798463e-06
0.04,0.0,True,14.5,9.789878870188205e-06
0.04,0.0,True,15.5,1.3461126510235251e-05
0.04,0.0,True,16.5,1.812709675934111e-05
0.04,0.0,True,17.5,2.3965384630086636e-05
0.04,0.0,True,18.5,3.1170117865330744e-05
0.04,0.0,True,19.5,3.9951999446055495e-05
0.04,0.0,True,20.5,5.053827894063842e-05
0.04,0.0,True,21.5,6.317265770476108e-05
0.04,0.0,True,22.5,7.811513271816332e-05
0.04,0.0,True,23.5,9.56417836296481e-05
0.04,0.0,True,24.5,0.00011604450737485288
0.04,0.0,True,25.5,0.0001396307045320685
0.04,0.0,True,26.5,0.00016672292138953542
0.04,0.0,True,27.5,0.00019765845151291866
0.04,0.0,True,28.5,0.00023278890042383239
0.04,0.0,True,29.5,0.0002724797168290622
0.04,0.0,True,30.5,0.0003171096936753282
0.04,0.0,True,31.5,0.00036707044214578894
0.04,0.0,True,32.5,0.0004227658415617642
0.04,0.0,True,33.5,0.00048461146800619215
0.04,0.0,True,34.5,0.0005530340043438557
0.04,0.0,True,35.5,0.0006284706341772529
0.04,0.0,True,36.5,0.0007113684221459487
0.04,0.0,True,37.5,0.000802183682851113
0.04,0.0,True,38.5,0.0009013813405655884
0.04,0.0,True,39.5,0.0010094342817729965
0.04,0.0,True,40.5,0.001126822702466978
0.04,0.0,True,41.5,0.0012540334520335106
0.04,0.0,True,42.5,0.001391559375435095
0.04,0.0,True,43.5,0.0015398986553154742
0.04,0.0,True,44.5,0.0016995541555471527
0.04,0.0,True,45.5,0.0018710327676512311
0.04,0.0,True,46.5,0.0020548447614299166
0.04,0.0,True,47.5,0.002251503141066166
0.04,0.0,True,48.5,0.0024615230078624973
0.04,0.0,True,49.5,0.002685420930711528
0.04,0.0,True,50.5,0.002865820902801268
0.04,0.0,True,51.5,0.0029919113760276763
0.04,0.0,True,52.5,0.0031176695968899936
0.04,0.0,True,53.5,0.003242829180621346
0.04,0.0,True,54.5,0.003367130129288495
0.04,0.0,True,55.5,0.0034903196667889634
0.04,0.0,True,56.5,0.0036121529928684905
0.04,0.0,True,57.5,0.003732393957434208
0.04,0.0,True,58.5,0.003850815656866481
0.04,0.0,True,59.5,0.003967200954403154
0.04,0.0,True,60.5,0.004081342926986938
0.04,0.0,True,61.5,0.004193045241234296
0.04,0.0,True,62.5,0.00430212246140537
0.04,0.0,True,63.5,0.004408400292433411
0.04,0.0,True,64.5,0.004511715761211796
0.04,0.0,True,65.5,0.00461191733944092
0.04,0.0,True,66.5,0.00470886501140866
0.04,0.0,True,67.5,0.004802430290120413
0.04,0.0,True,68.5,0.004892496185210504
0.04,0.0,True,69.5,0.004978957126058717
0.04,0.0,True,70.5,0.005061718843507021
0.04,0.0,True,71.5,0.005140698213524051
0.04,0.0,True,72.5,0.005215823066101151
0.04,0.0,True,73.5,0.005287031962586349
0.04,0.0,True,74.5,0.005354273944572641
0.04,0.0,True,75.5,0.005417508257357196
0.04,0.0,True,76.5,0.005476704050879705
0.04,0.0,True,77.5,0.005531840060932697
0.04,0.0,True,78.5,0.005582904273316184
0.04,0.0,True,79.5,0.005629893573483841
0.04,0.0,True,80.5,0.005672813384100519
0.04,0.0,True,81.5,0.005711677292800975
0.04,0.0,True,82.5,0.005746506672309448
0.04,0.0,True,83.5,0.005777330294949047
0.04,0.0,True,84.5,0.005804183943440407
0.04,0.0,True,85.5,0.005827110019760527
0.04,0.0,True,86.5,0.005846157153706746
0.04,0.0,True,87.5,0.005861379812687063
0.04,0.0,True,88.5,0.005872837914137277
0.04,0.0,True,89.5,0.0058805964418484555
0.04,0.0,True,90.5,0.005884725067374445
0.04,0.0,True,91.5,0.005885297777579853
0.04,0.0,True,92.5,0.005882392509283509
0.04,0.0,True,93.5,0.005876090791851524
0.04,0.0,True,94.5,0.0058664773984975094
0.04,0.0,True,95.5,0.005853640006955731
0.04,0.0,True,96.5,0.00583766887010572
0.04,0.0,True,97.5,0.005818656497044053
0.04,0.0,True,98.5,0.00579669734502131
0.04,0.0,True,99.5,0.005771887522588436
0.04,0.0,True,100.5,0.005744324504228265
0.04,0.0,True,101.5,0.005714106856683213
0.04,0.0,True,102.5,0.005681333977130251
0.04,0.0,True,103.5,0.005646105843298555
0.04,0.0,True,104.5,0.005608522775573423
0.04,0.0,True,105.5,0.005568685211082579
0.04,0.0,True,106.5,0.005526693489717111
0.04,0.0,True,107.5,0.005482647651999452
0.04,0.0,True,108.5,0.005436647248674153
0.04,0.0,True,109.5,0.005388791161864504
0.04,0.0,True,110.5,0.005339177437608066
0.04,0.0,True,111.5,0.005287903129557794
0.04,0.0,True,112.5,0.005235064153611818
0.04,0.0,True,113.5,0.005180755153213908
0.04,0.0,True,114.5,0.005125069375048941
0.04,0.0,True,115.5,0.00506809855484158
0.04,0.0,True,116.5,0.0050099328129534545
0.04,0.0,True,117.5,0.004950660559462864
0.04,0.0,True,118.5,0.00489036840840205
0.04,0.0,True,119.5,0.00482914110082013
0.04,0.0,True,120.5,0.004767061436334209
0.04,0.6,False,0.5,1.925480979160255e-11
0.04,0.6,False,1.5,4.4635404147525365e-09
0.04,0.6,False,2.5,5.4772787719484633e-08
0.04,0.6,False,3.5,2.811570057880758e-07
0.04,0.6,False,4.5,9.429857238299459e-07
0.04,0.6,False,5.5,2.4555968491541635e-06
0.04,0.6,False,6.5,5.4055824584732755e-06
0.04,0.6,False,7.5,1.055586220694594e-05
0.04,0.6,False,8.5,1.8841099613196782e-05
0.04,0.6,False,9.5,3.1353430382394514e-05
0.04,0.6,False,10.5,4.9318244467001856e-05
0.04,0.6,False,11.5,7.406004235181169e-05
0.04,0.6,False,12.5,0.00010695917888523238
0.04,0.6,False,13.5,0.00014940141971632887
0.04,0.6,False,14.5,0.00020272332185524705
0.04,0.6,False,15.5,0.0002681571881079269
0.04,0.6,False,16.5,0.0003467795793600945
0.04,0.6,False,17.5,0.00043946709616589477
0.04,0.6,False,18.5,0.0005468624110009502
0.04,0.6,False,19.5,0.0006693524363413637
0.04,0.6,False,20.5,0.0008070592458744706
0.04,0.6,False,21.5,0.0009598431832832151
0.04,0.6,False,22.5,0.0011273166815358034
0.04,0.6,False,23.5,0.0013088667334934096
0.04,0.6,False,24.5,0.0015036836795450804
0.04,0.6,False,25.5,0.0017107939606475142
0.04,0.6,False,26.5,0.0019290946652412752
0.04,0.6,False,27.5,0.002157388009278181
0.04,0.6,False,28.5,0.0023944142663002398
0.04,0.6,False,29.5,0.0026388820569476883
0.04,0.6,False,30.5,0.002889495276978458
0.04,0.6,False,31.5,0.003144976266524065
0.04,0.6,False,32.5,0.003404085089302238
0.04,0.6,False,33.5,0.003665634996107725
0.04,0.6,False,34.5,0.003928504295357083
0.04,0.6,False,35.5,0.004191644951584687
0.04,0.6,False,36.5,0.004454088289071814
0.04,0.6,False,37.5,0.004714948201072284
0.04,0.6,False,38.5,0.004973422263686982
0.04,0.6,False,39.5,0.005228791134634978
0.04,0.6,False,40.5,0.005480416587049593
0.04,0.6,False,41.5,0.005727738491824116
0.04,0.6,False,42.5,0.005970271022622855
0.04,0.6,False,43.5,0.00620759831811968
0.04,0.6,False,44.5,0.006439369798166439
0.04,0.6,False,45.5,0.006665295295584954
0.04,0.6,False,46.5,0.006885140133776183
0.04,0.6,False,47.5,0.007098720252627641
0.04,0.6,False,48.5,0.007305897461285098
0.04,0.6,False,49.5,0.007506574876073094
0.04,0.6,False,50.5,0.007550057151191193
0.04,0.6,False,51.5,0.007444556737052698
0.04,0.6,False,52.5,0.007342697075327274
0.04,0.6,False,53.5,0.00724374298408189
0.04,0.6,False,54.5,0.0071471159146982086
0.04,0.6,False,55.5,0.0070523598191748055
0.04,0.6,False,56.5,0.006959115206697933
0.04,0.6,False,57.5,0.006867099196454092
0.04,0.6,False,58.5,0.006776090023057778
0.04,0.6,False,59.5,0.0066859148907132075
0.04,0.6,False,60.5,0.006596440375180048
0.04,0.6,False,61.5,0.0065075647846495
0.04,0.6,False,62.5,0.006419212041218878
0.04,0.6,False,63.5,0.0063313267530394485
0.04,0.6,False,64.5,0.006243870226204729
0.04,0.6,False,65.5,0.006156817223687824
0.04,0.6,False,66.5,0.00607015332204241
0.04,0.6,False,67.5,0.005983872749259029
0.04,0.6,False,68.5,0.005897976611997407
0.04,0.6,False,69.5,0.005812471439452722
0.04,0.6,False,70.5,0.005727367985823619
0.04,0.6,False,71.5,0.00564268024481026
0.04,0.6,False,72.5,0.005558424638557683
0.04,0.6,False,73.5,0.005474619350560318
0.04,0.6,False,74.5,0.005391283777683911
0.04,0.6,False,75.5,0.005308438080972496
0.04,0.6,False,76.5,0.005226102818532453
0.04,0.6,False,77.5,0.005144298646716358
0.04,0.6,False,78.5,0.005063046078206337
0.04,0.6,False,79.5,0.004982365287537285
0.04,0.6,False,80.5,0.004902275956187996
0.04,0.6,False,81.5,0.004822797150675087
0.04,0.6,False,82.5,0.0047439472281608636
0.04,0.6,False,83.5,0.004665743764979851
0.04,0.6,False,84.5,0.0045882035042282806
0.04,0.6,False,85.5,0.004511342319178995
0.04,0.6,False,86.5,0.0044351751897988454
0.04,0.6,False,87.5,0.004359716190076749
0.04,0.6,False,88.5,0.0042849784842340114
0.04,0.6,False,89.5,0.004210974330190384
0.04,0.6,False,90.5,0.004137715088918053
0.04,0.6,False,91.5,0.004065211238529855
0.04,0.6,False,92.5,0.00399347239213208
0.04,0.6,False,93.5,0.0039225073186258995
0.04,0.6,False,94.5,0.003852323965772502
0.04,0.6,False,95.5,0.0037829294849479624
0.04,0.6,False,96.5,0.0037143302571079097
0.04,0.6,False,97.5,0.0036465319195613877
0.04,0.6,False,98.5,0.0035795393932222383
0.04,0.6,False,99.5,0.0035133569100620396
0.04,0.6,False,100.5,0.0034479880405393136
0.04,0.6,False,101.5,0.0033834357208197496
0.04,0.6,False,102.5,0.0033197022796382526
0.04,0.6,False,103.5,0.0032567894646826283
0.04,0.6,False,104.5,0.003194698468404715
0.04,0.6,False,105.5,0.0031334299531852404
0.04,0.6,False,106.5,0.0030729840757974503
0.04,0.6,False,107.5,0.0030133605111288815
0.04,0.6,False,108.5,0.0029545584751341906
0.04,0.6,False,109.5,0.0028965767470016373
0.04,0.6,False,110.5,0.002839413690525297
0.04,0.6,False,111.5,0.0027830672746823187
0.04,0.6,False,112.5,0.0027275350934201324
0.04,0.6,False,113.5,0.002672814384663923
0.04,0.6,False,114.5,0.0026189020485583
0.04,0.6,False,115.5,0.0025657946649604753
0.04,0.6,False,116.5,0.0025134885102044494
0.04,0.6,False,117.5,0.0024619795731580497
0.04,0.6,False,118.5,0.002411263570595453
0.04,0.6,False,119.5,0.0023613359619095537
0.04,0.6,False,120.5,0.0023121919631883354
0.04,0.6,True,0.5,1.9254809791602678e-11
0.04,0.6,True,1.5,4.463540414752543e-09
0.04,0.6,True,2.5,5.477278771948459e-08
0.04,0.6,True,3.5,2.8115700578807596e-07
0.04,0.6,True,4.5,9.429857238299452e-07
0.04,0.6,True,5.5,2.455596849154168e-06
0.04,0.6,True,6.5,5.405582458473285e-06
0.04,0.6,True,7.5,1.055586220694601e-05
0.04,0.6,True,8.5,1.8841099613196674e-05
0.04,0.6,True,9.5,3.1353430382394426e-05
0.04,0.6,True,10.5,4.931824446700151e-05
0.04,0.6,True,11.5,7.406004235181138e-05
0.04,0.6,True,12.5,0.00010695917888523187
0.04,0.6,True,13.5,0.00014940141971632733
0.04,0.6,True,14.5,0.0002027233218552466
0.04,0.6,True,15.5,0.00026815718810792636
0.04,0.6,True,16.5,0.0003467795793600928
0.04,0.6,True,17.5,0.0004394670961658963
0.04,0.6,True,18.5,0.0005468624110009512
0.04,0.6,True,19.5,0.0006693524363413636
0.04,0.6,True,20.5,0.0008070592458744679
0.04,0.6,True,21.5,0.0009598431832832142
0.04,0.6,True,22.5,0.0011273166815357998
0.04,0.6,True,23.5,0.0013088667334934033
0.04,0.6,True,24.5,0.0015036836795450797
0.04,0.6,True,25.5,0.001710793960647513
0.04,0.6,True,26.5,0.0019290946652412784
0.04,0.6,True,27.5,0.002157388009278173
0.04,0.6,True,28.5,0.0023944142663002398
0.04,0.6,True,29.5,0.0026388820569476865
0.04,0.6,True,30.5,0.002889495276978467
0.04,0.6,True,31.5,0.0031449762665240687
0.04,0.6,True,32.5,0.0034040850893022286
0.04,0.6,True,33.5,0.003665634996107718
0.04,0.6,True,34.5,0.003928504295357084
0.04,0.6,True,35.5,0.00419164495158471
0.04,0.6,True,36.5,0.00445408828907183
0.04,0.6,True,37.5,0.004714948201072275
0.04,0.6,True,38.5,0.0049734222636869715
0.04,0.6,True,39.5,0.005228791134634959
0.04,0.6,True,40.5,0.005480416587049567
0.04,0.6,True,41.5,0.0057277384918241366
0.04,0.6,True,42.5,0.0059702710226228325
0.04,0.6,True,43.5,0.006207598318119657
0.04,0.6,True,44.5,0.006439369798166427
0.04,0.6,True,45.5,0.00666529529558497
0.04,0.6,True,46.5,0.006885140133776133
0.04,0.6,True,47.5,0.0070987202526276395
0.04,0.6,True,48.5,0.007305897461285109
0.04,0.6,True,49.5,0.007506574876073078
0.04,0.6,True,50.5,0.007550057151191175
0.04,0.6,True,51.5,0.007444556737052684
0.04,0.6,True,52.5,0.007342697075327243
0.04,0.6,True,53.5,0.007243742984081881
0.04,0.6,True,54.5,0.007147115914698229
0.04,0.6,True,55.5,0.007052359819174798
0.04,0.6,True,56.5,0.006959115206697944
0.04,0.6,True,57.5,0.006867099196454103
0.04,0.6,True,58.5,0.00677609002305779
0.04,0.6,True,59.5,0.0066859148907132135
0.04,0.6,True,60.5,0.006596440375180078
0.04,0.6,True,61.5,0.006507564784649487
0.04,0.6,True,62.5,0.0064192120412188925
0.04,0.6,True,63.5,0.006331326753039446
0.04,0.6,True,64.5,0.006243870226204723
0.04,0.6,True,65.5,0.006156817223687822
0.04,0.6,True,66.5,0.0060701533220424275
0.04,0.6,True,67.5,0.005983872749259049
0.04,0.6,True,68.5,0.00589797661199746
0.04,0.6,True,69.5,0.005812471439452718
0.04,0.6,True,70.5,0.005727367985823634
0.04,0.6,True,71.5,0.005642680244810244
0.04,0.6,True,72.5,0.005558424638557659
0.04,0.6,True,73.5,0.005474619350560293
0.04,0.6,True,74.5,0.0053912837776838975
0.04,0.6,True,75.5,0.00530843808097249
0.04,0.6,True,76.5,0.00522610281853245
0.04,0.6,True,77.5,0.005144298646716356
0.04,0.6,True,78.5,0.0050630460782063475
0.04,0.6,True,79.5,0.0049823652875372795
0.04,0.6,True,80.5,0.004902275956188016
0.04,0.6,True,81.5,0.004822797150675072
0.04,0.6,True,82.5,0.004743947228160892
0.04,0.6,True,83.5,0.004665743764979857
0.04,0.6,True,84.5,0.004588203504228276
0.04,0.6,True,85.5,0.004511342319178999
0.04,0.6,True,86.5,0.004435175189798843
0.04,0.6,True,87.5,0.004359716190076748
0.04,0.6,True,88.5,0.004284978484234004
0.04,0.6,True,89.5,0.004210974330190406
0.04,0.6,True,90.5,0.00413771508891805
0.04,0.6,True,91.5,0.004065211238529846
0.04,0.6,True,92.5,0.003993472392132086
0.04,0.6,True,93.5,0.0039225073186258995
0.04,0.6,True,94.5,0.0038523239657724984
0.04,0.6,True,95.5,0.0037829294849479733
0.04,0.6,True,96.5,0.0037143302571078854
0.04,0.6,True,97.5,0.0036465319195613764
0.04,0.6,True,98.5,0.0035795393932222404
0.04,0.6,True,99.5,0.003513356910062035
0.04,0.6,True,100.5,0.0034479880405393157
0.04,0.6,True,101.5,0.003383435720819743
0.04,0.6,True,102.5,0.0033197022796382417
0.04,0.6,True,103.5,0.0032567894646826434
0.04,0.6,True,104.5,0.0031946984684047253
0.04,0.6,True,105.5,0.003133429953185245
0.04,0.6,True,106.5,0.0030729840757974317
0.04,0.6,True,107.5,0.003013360511128892
0.04,0.6,True,108.5,0.002954558475134196
0.04,0.6,True,109.5,0.002896576747001638
0.04,0.6,True,110.5,0.002839413690525308
0.04,0.6,True,111.5,0.0027830672746823296
0.04,0.6,True,112.5,0.002727535093420133
0.04,0.6,True,113.5,0.002672814384663923
0.04,0.6,True,114.5,0.002618902048558307
0.04,0.6,True,115.5,0.0025657946649604766
0.04,0.6,True,116.5,0.0025134885102044554
0.04,0.6,True,117.5,0.0024619795731580445
0.04,0.6,True,118.5,0.0024112635705954527
0.04,0.6,True,119.5,0.0023613359619095494
0.04,0.6,True,120.5,0.002312191963188332
